Tiempo,Temperatura_Real,Temperatura_Target,Relay_Status
00:15:16,36.75,0.00,0
00:15:18,36.00,0.00,0
00:15:20,36.50,0.00,0
00:15:22,36.00,0.00,0
00:15:24,36.25,0.00,0
00:15:26,36.00,0.00,0
00:15:28,36.25,0.00,0
00:15:30,36.25,0.00,0
00:15:32,36.00,0.00,0
00:15:34,35.50,0.00,0
00:15:36,34.50,0.00,0
00:15:38,34.75,0.00,0
00:15:40,34.25,0.00,0
00:15:42,34.25,0.00,0
00:15:44,34.00,0.00,0
00:15:46,33.75,0.00,0
00:15:48,33.75,0.00,0
00:15:50,33.50,0.00,0
00:15:52,33.25,0.00,0
00:15:54,33.25,0.00,0
00:15:56,32.50,0.00,0
00:15:58,33.00,0.00,0
00:16:00,32.75,0.00,0
00:16:02,33.00,0.00,0
00:16:04,32.50,0.00,0
00:16:06,32.50,0.00,0
00:16:08,32.25,0.00,0
00:16:10,32.00,0.00,0
00:16:12,31.75,0.00,0
00:16:14,31.75,0.00,0
00:16:16,32.00,0.00,0
00:16:18,32.00,0.00,0
00:16:20,32.00,0.00,0
00:16:22,31.50,0.00,0
00:16:24,32.00,0.00,0
00:16:26,31.50,0.00,0
00:16:28,31.25,0.00,0
00:16:30,31.50,0.00,0
00:16:32,31.25,0.00,0
00:16:34,31.25,0.00,0
00:16:36,31.00,0.00,0
00:16:38,31.00,0.00,0
00:16:40,31.00,0.00,0
00:16:42,31.00,0.00,0
00:16:44,31.00,0.00,0
00:16:46,30.50,0.00,0
00:16:48,31.00,0.00,0
00:16:50,30.75,0.00,0
00:16:52,30.75,0.00,0
00:16:54,30.75,0.00,0
00:16:56,30.75,0.00,0
00:16:58,30.50,0.00,0
00:17:00,30.50,0.00,0
00:17:02,30.25,0.00,0
00:17:04,30.25,0.00,0
00:17:06,30.25,0.00,0
00:17:08,30.25,0.00,0
00:17:10,30.25,0.00,0
00:17:12,30.25,0.00,0
00:17:14,30.50,0.00,0
00:17:16,30.25,0.00,0
00:17:18,30.00,0.00,0
00:17:20,29.75,0.00,0
00:17:22,30.00,0.00,0
00:17:24,29.75,0.00,0
00:17:26,30.00,0.00,0
00:17:28,29.75,0.00,0
00:17:30,29.75,0.00,0
00:17:32,30.00,0.00,0
00:17:34,29.75,0.00,0
00:17:36,29.50,0.00,0
00:17:38,29.75,0.00,0
00:17:40,29.00,0.00,0
00:17:42,29.25,0.00,0
00:17:44,29.25,0.00,0
00:17:46,29.25,0.00,0
00:17:48,29.75,0.00,0
00:17:50,29.50,0.00,0
00:17:52,29.50,0.00,0
00:17:54,29.50,0.00,0
00:17:56,29.25,0.00,0
00:17:58,29.25,0.00,0
00:18:00,29.75,0.00,0
00:18:02,28.75,0.00,0
00:18:04,29.50,0.00,0
00:18:06,29.50,0.00,0
00:18:08,29.50,0.00,0
00:18:10,29.50,0.00,0
00:18:12,29.25,0.00,0
00:18:14,29.25,0.00,0
00:18:16,29.00,0.00,0
00:18:18,29.25,0.00,0
00:18:20,29.50,0.00,0
00:18:22,29.50,0.00,0
00:18:24,29.50,0.00,0
00:18:26,29.50,0.00,0
00:18:28,29.00,0.00,0
00:18:30,29.50,0.00,0
00:18:32,29.25,0.00,0
00:18:34,29.25,0.00,0
00:18:36,29.25,0.00,0
00:18:38,29.50,0.00,0
00:18:40,29.25,0.00,0
00:18:42,29.25,0.00,0
00:18:44,29.25,0.00,0
00:18:46,29.25,0.00,0
00:18:48,29.00,0.00,0
00:18:50,29.25,0.00,0
00:18:52,29.25,0.00,0
00:18:54,29.50,0.00,0
00:18:56,29.00,0.00,0
00:18:58,29.25,0.00,0
00:19:00,29.25,0.00,0
00:19:02,29.00,0.00,0
00:19:04,29.00,0.00,0
00:19:06,29.25,0.00,0
00:19:08,29.25,0.00,0
00:19:10,29.00,0.00,0
00:19:12,28.75,0.00,0
00:19:14,28.75,0.00,0
00:19:16,28.75,0.00,0
00:19:18,28.50,0.00,0
00:19:20,28.75,0.00,0
00:19:22,29.00,0.00,0
00:19:24,29.00,0.00,0
00:19:26,28.75,0.00,0
00:19:28,29.00,0.00,0
00:19:30,28.50,0.00,0
00:19:32,28.50,0.00,0
00:19:34,28.75,0.00,0
00:19:36,29.00,0.00,0
00:19:38,29.00,0.00,0
00:19:40,28.25,0.00,0
00:19:42,28.50,0.00,0
00:19:44,28.75,0.00,0
00:19:46,28.50,0.00,0
00:19:48,0.00,0.00,0
00:19:50,28.50,0.00,0
00:19:52,28.50,0.00,0
00:19:54,28.75,0.00,0
00:19:56,28.25,0.00,0
00:19:58,28.25,0.00,0
00:20:00,28.00,0.00,0
00:20:02,27.50,0.00,0
00:20:04,27.50,0.00,0
00:20:06,27.75,0.00,0
00:20:08,27.50,0.00,0
00:20:10,28.00,0.00,0
00:20:12,28.00,0.00,0
00:20:14,27.25,0.00,0
00:20:16,27.50,0.00,0
00:20:18,27.50,0.00,0
00:20:20,27.25,0.00,0
00:20:22,27.50,0.00,0
00:20:24,27.75,0.00,0
00:20:26,27.25,0.00,0
00:20:28,27.50,0.00,0
00:20:30,27.25,0.00,0
00:20:32,27.25,0.00,0
00:20:34,26.50,0.00,0
00:20:36,27.25,0.00,0
00:20:38,26.50,0.00,0
00:20:40,27.25,0.00,0
00:20:42,27.00,0.00,0
00:20:44,27.00,0.00,0
00:20:46,26.50,0.00,0
00:20:48,27.25,0.00,0
00:20:50,26.75,0.00,0
00:20:52,26.50,0.00,0
00:20:54,27.25,0.00,0
00:20:56,26.75,0.00,0
00:20:58,26.75,0.00,0
00:21:00,26.50,0.00,0
00:21:02,26.75,0.00,0
00:21:04,26.75,0.00,0
00:21:06,27.00,0.00,0
00:21:08,27.00,0.00,0
00:21:10,27.00,0.00,0
00:21:12,26.75,0.00,0
00:21:14,26.50,0.00,0
00:21:16,26.75,0.00,0
00:21:18,27.00,0.00,0
00:21:20,26.75,0.00,0
00:21:22,26.50,0.00,0
00:21:24,26.50,0.00,0
00:21:26,27.00,0.00,0
00:21:28,26.75,0.00,0
00:21:30,27.00,0.00,0
00:21:32,26.75,0.00,0
00:21:34,26.25,0.00,0
00:21:36,26.50,0.00,0
00:21:38,26.75,0.00,0
00:21:40,26.50,0.00,0
00:21:42,26.50,0.00,0
00:21:44,27.00,0.00,0
00:21:46,26.25,0.00,0
00:21:48,26.75,0.00,0
00:21:50,26.50,0.00,0
00:21:52,26.75,0.00,0
00:21:54,26.50,0.00,0
00:21:56,26.75,0.00,0
00:21:58,26.50,0.00,0
00:22:00,26.75,0.00,0
00:22:02,26.25,0.00,0
00:22:04,26.00,0.00,0
00:22:06,26.25,0.00,0
00:22:08,26.75,0.00,0
00:22:10,26.00,0.00,0
00:22:12,26.75,0.00,0
00:22:14,26.50,0.00,0
00:22:16,26.75,0.00,0
00:22:18,26.25,0.00,0
00:22:20,26.25,0.00,0
00:22:22,26.75,0.00,0
00:22:24,26.75,0.00,0
00:22:26,26.50,0.00,0
00:22:28,26.75,0.00,0
00:22:30,26.50,0.00,0
00:22:32,27.00,0.00,0
00:22:34,26.75,0.00,0
00:22:36,26.75,0.00,0
00:22:38,26.75,0.00,0
00:22:40,27.00,0.00,0
00:22:42,26.50,0.00,0
00:22:44,25.75,0.00,0
00:22:46,26.25,0.00,0
00:22:48,26.00,0.00,0
00:22:50,26.50,0.00,0
00:22:52,26.75,0.00,0
00:22:54,0.00,0.00,0
00:22:56,0.00,0.00,0
00:22:58,26.50,0.00,0
00:23:00,26.50,0.00,0
00:23:02,26.50,0.00,0
00:23:04,26.50,0.00,0
00:23:06,25.75,0.00,0
00:23:08,26.50,0.00,0
00:23:10,26.25,0.00,0
00:23:12,26.25,0.00,0
00:23:14,26.50,0.00,0
00:23:16,26.50,0.00,0
00:23:18,26.00,0.00,0
00:23:20,26.50,0.00,0
00:23:22,26.25,0.00,0
00:23:24,26.50,0.00,0
00:23:26,26.50,0.00,0
00:23:28,26.50,0.00,0
00:23:30,26.50,0.00,0
00:23:32,26.50,0.00,0
00:23:34,26.25,0.00,0
00:23:36,26.75,0.00,0
00:23:38,26.50,0.00,0
00:23:40,26.50,0.00,0
00:23:42,26.25,0.00,0
00:23:44,26.50,0.00,0
00:23:46,26.25,0.00,0
00:23:48,26.50,0.00,0
00:23:50,26.25,0.00,0
00:23:52,26.50,0.00,0
00:23:54,26.50,0.00,0
00:23:56,25.75,0.00,0
00:23:58,26.00,0.00,0
00:24:00,26.00,0.00,0
00:24:02,26.00,0.00,0
00:24:04,0.00,0.00,0
00:24:06,0.00,0.00,0
00:24:08,0.00,0.00,0
00:24:10,26.25,0.00,0
00:24:12,26.50,0.00,0
00:24:14,26.25,0.00,0
00:24:16,26.25,0.00,0
00:24:18,26.25,0.00,0
00:24:20,26.50,0.00,0
00:24:22,26.50,0.00,0
00:24:24,26.00,0.00,0
00:24:26,26.50,0.00,0
00:24:28,26.25,0.00,0
00:24:30,26.00,0.00,0
00:24:32,26.50,0.00,0
00:24:34,26.75,0.00,0
00:24:36,26.50,0.00,0
00:24:38,26.25,0.00,0
00:24:40,26.75,0.00,0
00:24:42,0.00,0.00,0
00:24:44,0.00,0.00,0
00:24:46,0.00,0.00,0
00:24:48,26.25,0.00,0
00:24:50,26.50,0.00,0
00:24:52,26.25,0.00,0
00:24:54,0.00,0.00,0
00:24:56,26.00,0.00,0
00:24:58,26.25,0.00,0
00:25:00,26.75,0.00,0
00:25:02,26.50,0.00,0
00:25:04,0.00,0.00,0
00:25:06,0.00,0.00,0
00:25:08,26.25,0.00,0
00:25:10,26.25,0.00,0
00:25:12,26.25,0.00,0
00:25:14,26.75,0.00,0
00:25:16,26.00,0.00,0
00:25:18,26.75,0.00,0
00:25:20,0.00,0.00,0
00:25:22,26.00,0.00,0
00:25:24,26.50,0.00,0
00:25:26,0.00,0.00,0
00:25:28,0.00,0.00,0
00:25:30,0.00,0.00,0
00:25:32,26.75,0.00,0
00:25:38,0.00,0.00,0
00:25:46,26.00,0.00,0
00:25:48,26.75,0.00,0
00:25:50,26.25,0.00,0
00:25:52,26.25,0.00,0
00:25:54,0.00,0.00,0
00:25:56,26.75,0.00,0
00:25:58,0.00,0.00,0
00:26:00,0.00,0.00,0
00:26:02,0.00,0.00,0
00:26:04,0.00,0.00,0
00:26:06,0.00,0.00,0
00:26:08,0.00,0.00,0
00:26:10,0.00,0.00,0
00:26:12,0.00,0.00,0
00:26:14,0.00,0.00,0
00:26:16,0.00,0.00,0
00:26:18,26.00,0.00,0
00:26:20,26.25,0.00,0
00:26:22,26.75,0.00,0
00:26:24,25.75,0.00,0
00:26:26,26.00,0.00,0
00:26:28,26.00,0.00,0
00:26:30,26.25,0.00,0
00:26:32,26.50,0.00,0
00:26:34,26.50,0.00,0
00:26:36,26.50,0.00,0
00:28:34,1818.00,0.00,0
00:28:40,26.25,0.00,0
00:28:42,26.25,0.00,0
00:28:44,26.00,0.00,0
00:28:46,26.25,0.00,0
00:28:48,0.00,0.00,0
00:28:54,26.25,0.00,0
00:28:56,26.00,0.00,0
00:28:58,25.75,0.00,0
00:29:00,25.75,0.00,0
00:29:02,26.25,0.00,0
00:29:04,26.25,0.00,0
00:29:06,26.25,0.00,0
00:29:08,26.00,0.00,0
00:29:10,26.00,0.00,0
00:29:12,26.25,0.00,0
00:29:14,538.75,0.00,0
00:29:16,26.00,0.00,0
00:29:18,25.75,0.00,0
00:29:20,26.25,0.00,0
00:29:22,26.25,0.00,0
00:29:24,0.00,0.00,0
00:29:26,8.00,0.00,0
00:29:28,26.00,0.00,0
00:29:38,25.75,0.00,0
00:29:40,26.00,0.00,0
00:29:42,25.50,0.00,0
00:29:44,25.75,0.00,0
00:30:38,26.00,0.00,0
00:30:40,26.25,0.00,0
00:30:42,26.25,0.00,0
00:30:44,25.75,0.00,0
00:30:46,26.00,0.00,0
00:30:48,25.75,0.00,0
00:30:50,25.75,0.00,0
00:30:52,26.25,0.00,0
00:30:54,26.00,0.00,0
00:30:56,25.75,0.00,0
00:30:58,25.75,0.00,0
00:31:00,26.25,0.00,0
00:31:02,26.25,0.00,0
00:31:04,26.25,0.00,0
00:31:06,25.75,0.00,0
00:31:08,25.50,0.00,0
00:31:10,25.75,0.00,0
00:31:12,25.75,0.00,0
00:31:14,26.25,0.00,0
00:31:16,26.00,0.00,0
00:31:18,26.00,0.00,0
00:31:20,25.50,0.00,0
00:31:22,25.75,0.00,0
00:31:24,25.75,0.00,0
00:31:26,25.50,0.00,0
00:31:28,25.25,0.00,0
00:31:30,25.75,0.00,0
00:31:32,25.75,0.00,0
00:31:34,26.00,0.00,0
00:31:36,26.00,0.00,0
00:31:38,26.00,0.00,0
00:31:40,25.50,0.00,0
00:31:42,26.25,0.00,0
00:31:44,25.50,0.00,0
00:31:46,25.75,0.00,0
00:31:48,26.00,0.00,0
00:31:50,26.00,0.00,0
00:31:52,26.00,0.00,0
00:31:54,25.75,0.00,0
00:31:56,26.00,0.00,0
00:31:58,25.75,0.00,0
00:32:00,26.00,0.00,0
00:32:02,26.00,0.00,0
00:32:04,25.75,0.00,0
00:32:06,26.00,0.00,0
00:32:08,26.00,0.00,0
00:32:10,25.75,0.00,0
00:32:12,26.00,0.00,0
00:32:14,26.00,0.00,0
00:32:16,26.00,0.00,0
00:32:18,26.00,0.00,0
00:32:20,26.00,0.00,0
00:32:22,26.00,0.00,0
00:32:24,26.00,0.00,0
00:32:26,25.75,0.00,0
00:32:28,25.50,0.00,0
00:32:30,26.00,0.00,0
00:32:32,26.00,0.00,0
00:34:02,0.00,0.00,0
00:35:44,26.00,0.00,0
00:35:46,26.00,0.00,0
00:35:48,26.00,0.00,0
00:35:52,26.25,0.00,0
00:35:54,26.00,0.00,0
00:35:56,1050.25,0.00,0
00:35:58,26.25,0.00,0
00:36:00,26.00,0.00,0
00:36:02,1050.50,0.00,0
00:38:00,1946.00,0.00,0
00:38:02,26.00,0.00,0
00:38:04,25.75,0.00,0
00:38:12,1050.25,0.00,0
00:38:20,26.25,0.00,0
00:40:52,26.00,0.00,0
00:40:56,1049.75,0.00,0
00:40:58,25.75,0.00,0
00:41:00,26.50,0.00,0
00:41:02,1050.00,0.00,0
00:41:04,1050.25,0.00,0
00:41:06,1562.00,0.00,0
00:41:08,1050.00,0.00,0
00:41:10,1049.75,0.00,0
00:41:12,26.25,0.00,0
00:41:14,25.50,0.00,0
00:41:16,26.25,0.00,0
00:41:18,25.75,0.00,0
00:41:20,26.25,0.00,0
00:41:22,26.00,0.00,0
00:41:24,26.00,0.00,0
00:41:26,25.75,0.00,0
00:41:28,26.00,0.00,0
00:41:30,26.25,0.00,0
00:41:32,26.25,0.00,0
00:41:34,25.75,0.00,0
00:41:36,26.00,0.00,0
00:41:38,25.75,0.00,0
00:41:40,26.00,0.00,0
00:41:42,25.50,0.00,0
00:41:44,25.50,0.00,0
00:41:46,25.25,0.00,0
00:41:48,25.50,0.00,0
00:41:50,26.00,0.00,0
00:41:52,25.25,0.00,0
00:41:54,25.75,0.00,0
00:41:56,25.50,0.00,0
00:41:58,25.50,0.00,0
00:42:00,26.25,0.00,0
00:42:02,25.25,0.00,0
00:42:04,25.75,0.00,0
00:42:06,25.50,0.00,0
00:42:08,25.75,0.00,0
00:42:10,25.50,0.00,0
00:42:12,25.50,0.00,0
00:42:14,25.25,0.00,0
00:42:16,25.75,0.00,0
00:42:18,25.25,0.00,0
00:42:20,25.50,0.00,0
00:42:22,25.75,0.00,0
00:42:24,25.50,0.00,0
00:42:26,25.25,0.00,0
00:42:28,25.75,0.00,0
00:42:30,25.75,0.00,0
00:42:32,25.75,0.00,0
00:42:34,25.75,0.00,0
00:42:36,25.50,0.00,0
00:42:38,25.50,0.00,0
00:42:40,25.50,0.00,0
00:42:42,25.75,0.00,0
00:42:44,25.50,0.00,0
00:42:46,25.50,0.00,0
00:42:48,25.25,0.00,0
00:42:50,26.00,0.00,0
00:42:52,25.50,0.00,0
00:42:54,25.50,0.00,0
00:42:56,25.75,0.00,0
00:42:58,26.00,0.00,0
00:43:00,25.50,0.00,0
00:43:02,25.50,0.00,0
00:43:04,25.25,0.00,0
00:43:06,25.75,0.00,0
00:43:08,25.50,0.00,0
00:43:10,25.00,0.00,0
00:43:12,25.00,0.00,0
00:43:14,25.75,0.00,0
00:43:16,25.50,0.00,0
00:43:18,25.50,0.00,0
00:43:20,25.75,0.00,0
00:43:22,25.25,0.00,0
00:43:24,25.50,0.00,0
00:43:26,25.25,0.00,0
00:43:28,25.00,0.00,0
00:43:30,25.00,0.00,0
00:43:32,25.25,0.00,0
00:43:34,25.50,0.00,0
00:43:36,25.00,0.00,0
00:43:38,25.25,0.00,0
00:43:40,25.00,0.00,0
00:43:42,25.25,0.00,0
00:43:44,24.75,0.00,0
00:43:46,25.00,0.00,0
00:43:48,25.50,0.00,0
00:43:50,25.75,0.00,0
00:43:52,25.25,0.00,0
00:43:54,25.25,0.00,0
00:43:56,25.25,0.00,0
00:43:58,25.00,0.00,0
00:44:00,25.25,0.00,0
00:44:02,25.25,0.00,0
00:44:04,25.25,0.00,0
00:44:06,25.25,0.00,0
00:44:08,25.50,0.00,0
00:44:10,25.00,0.00,0
00:44:12,24.75,0.00,0
00:44:14,25.00,0.00,0
00:44:16,25.25,0.00,0
00:44:18,25.25,0.00,0
00:44:20,24.75,0.00,0
00:44:22,24.75,0.00,0
00:44:24,25.25,0.00,0
00:44:26,25.50,0.00,0
00:44:28,25.00,0.00,0
00:44:30,25.50,0.00,0
00:44:32,25.25,0.00,0
00:44:34,25.25,0.00,0
00:44:36,25.50,0.00,0
00:44:38,25.25,0.00,0
00:44:40,25.50,0.00,0
00:44:42,24.75,0.00,0
00:44:44,25.50,0.00,0
00:44:46,25.00,0.00,0
00:44:48,25.25,0.00,0
00:44:50,25.50,0.00,0
00:44:52,25.25,0.00,0
00:44:54,25.25,0.00,0
00:44:56,25.25,0.00,0
00:44:58,25.00,0.00,0
00:45:00,25.00,0.00,0
00:45:02,25.00,0.00,0
00:45:04,24.75,0.00,0
00:45:06,25.25,0.00,0
00:45:08,24.75,0.00,0
00:45:10,25.25,0.00,0
00:45:12,25.25,0.00,0
00:45:14,25.00,0.00,0
00:45:16,25.00,0.00,0
00:45:18,24.75,0.00,0
00:45:20,24.75,0.00,0
00:45:22,25.25,0.00,0
00:45:24,25.00,0.00,0
00:45:26,24.75,0.00,0
00:45:28,25.00,0.00,0
00:45:30,24.75,0.00,0
00:45:32,25.00,0.00,0
00:45:34,25.00,0.00,0
00:45:36,25.00,0.00,0
00:45:38,25.00,0.00,0
00:45:40,25.25,0.00,0
00:45:42,24.50,0.00,0
00:45:44,25.00,0.00,0
00:45:46,25.25,0.00,0
00:45:48,25.25,0.00,0
00:45:50,25.25,0.00,0
00:45:52,25.00,0.00,0
00:45:54,25.00,0.00,0
00:45:56,24.75,0.00,0
00:45:58,25.25,0.00,0
00:46:00,25.00,0.00,0
00:46:02,25.00,0.00,0
00:46:04,0.00,0.00,0
00:46:06,0.00,0.00,0
00:46:08,25.00,0.00,0
00:46:10,25.00,0.00,0
00:46:12,25.25,0.00,0
00:46:14,24.75,0.00,0
00:46:16,24.75,0.00,0
00:46:18,24.50,0.00,0
00:46:20,24.75,0.00,0
00:46:22,24.50,0.00,0
00:46:24,25.00,0.00,0
00:46:26,24.75,0.00,0
00:46:28,25.25,0.00,0
00:46:30,25.25,0.00,0
00:46:32,24.25,0.00,0
00:46:34,24.50,0.00,0
00:46:36,25.50,0.00,0
00:46:38,25.25,0.00,0
00:46:40,25.00,0.00,0
00:46:42,25.00,0.00,0
00:46:44,24.75,0.00,0
00:46:46,25.25,0.00,0
00:46:48,25.00,0.00,0
00:46:50,25.00,0.00,0
00:46:52,25.00,0.00,0
00:46:54,24.50,0.00,0
00:46:56,25.25,0.00,0
00:46:58,24.75,0.00,0
00:47:00,24.50,0.00,0
00:47:02,25.25,0.00,0
00:47:04,24.75,0.00,0
00:47:06,25.00,0.00,0
00:47:08,25.25,0.00,0
00:47:10,25.25,0.00,0
00:47:12,25.00,0.00,0
00:47:14,25.00,0.00,0
00:47:16,25.25,0.00,0
00:47:18,24.75,0.00,0
00:47:20,25.25,0.00,0
00:47:22,24.75,0.00,0
00:47:24,24.50,0.00,0
00:47:26,25.25,0.00,0
00:47:28,25.00,0.00,0
00:47:30,24.75,0.00,0
00:47:32,25.00,0.00,0
00:47:34,24.50,0.00,0
00:47:36,24.50,0.00,0
00:47:38,25.00,0.00,0
00:47:40,25.25,0.00,0
00:47:42,24.75,0.00,0
00:47:44,24.75,0.00,0
00:47:46,25.25,0.00,0
00:47:48,25.00,0.00,0
00:47:50,25.00,0.00,0
00:47:52,24.75,0.00,0
00:47:54,24.75,0.00,0
00:47:56,24.75,0.00,0
00:47:58,0.00,0.00,0
00:48:00,0.00,0.00,0
00:48:02,0.00,0.00,0
00:48:04,0.00,0.00,0
00:48:06,0.00,0.00,0
00:48:08,0.00,0.00,0
00:48:10,24.75,0.00,0
00:48:12,24.25,0.00,0
00:48:14,24.75,0.00,0
00:48:16,24.75,0.00,0
00:48:18,24.50,0.00,0
00:48:20,24.25,0.00,0
00:48:22,25.00,0.00,0
00:48:24,24.50,0.00,0
00:48:26,24.75,0.00,0
00:48:28,24.25,0.00,0
00:48:30,24.75,0.00,0
00:48:32,24.50,0.00,0
00:48:34,25.00,0.00,0
00:48:36,24.75,0.00,0
00:48:38,25.00,0.00,0
00:48:40,0.00,0.00,0
00:48:42,0.00,0.00,0
00:48:44,0.00,0.00,0
00:48:46,0.00,0.00,0
00:48:48,0.00,0.00,0
00:48:50,25.00,0.00,0
00:48:52,24.50,0.00,0
00:48:54,25.00,0.00,0
00:48:56,24.50,0.00,0
00:48:58,24.25,0.00,0
00:49:00,0.00,0.00,0
00:49:02,0.00,0.00,0
00:49:04,0.00,0.00,0
00:49:06,0.00,0.00,0
00:49:08,24.75,0.00,0
00:49:10,25.25,0.00,0
00:49:12,24.75,0.00,0
00:49:14,25.00,0.00,0
00:49:16,25.00,0.00,0
00:49:18,24.75,0.00,0
00:49:20,25.00,196.00,1
00:49:22,25.00,196.00,1
00:49:24,24.25,196.00,1
00:49:26,24.00,196.00,1
00:49:28,24.25,196.00,1
00:49:30,24.75,196.00,1
00:49:32,25.00,196.00,1
00:49:34,24.50,196.00,1
00:49:36,24.75,196.00,1
00:49:38,24.25,196.00,1
00:49:40,24.50,196.00,1
00:49:42,24.50,196.00,1
00:49:44,0.00,196.00,1
00:49:46,0.00,196.00,1
00:49:48,0.00,196.00,1
00:49:50,0.00,196.00,1
00:49:52,24.75,196.00,1
00:49:54,24.75,196.00,1
00:49:56,24.25,196.00,1
00:49:58,24.75,196.00,1
00:50:00,24.75,196.00,1
00:50:02,24.75,196.00,1
00:50:04,25.00,196.00,1
00:50:06,25.00,196.00,1
00:50:08,24.50,196.00,1
00:50:10,24.75,196.00,1
00:50:12,24.75,196.00,1
00:50:14,24.75,196.00,1
00:50:16,24.50,196.00,1
00:50:18,24.75,196.00,1
00:50:20,24.75,196.00,1
00:50:22,24.75,196.00,1
00:50:24,24.00,196.00,1
00:50:26,25.00,196.00,1
00:50:28,24.50,196.00,1
00:50:30,24.25,196.00,1
00:50:32,24.50,196.00,1
00:50:34,24.50,196.00,1
00:50:36,24.50,196.00,1
00:50:38,24.75,196.00,1
00:50:40,24.25,196.00,1
00:50:42,24.25,196.00,1
00:50:44,24.75,196.00,1
00:50:46,24.25,196.00,1
00:50:48,24.25,196.00,1
00:50:50,24.25,196.00,1
00:50:52,24.25,196.00,1
00:50:54,24.75,196.00,1
00:50:56,24.50,196.00,1
00:50:58,24.75,196.00,1
00:51:00,24.75,196.00,1
00:51:02,24.75,196.00,1
00:51:04,0.00,196.00,1
00:51:06,24.00,196.00,1
00:51:08,24.25,196.00,1
00:51:10,24.75,196.00,1
00:51:12,24.75,196.00,1
00:51:14,24.25,196.00,1
00:51:16,24.25,196.00,1
00:51:18,24.75,196.00,1
00:51:20,24.50,196.00,1
00:51:22,24.50,196.00,1
00:51:24,24.75,196.00,1
00:51:26,25.00,196.00,1
00:51:28,24.25,196.00,1
00:51:30,0.00,196.00,1
00:51:32,0.00,196.00,1
00:51:34,24.50,196.00,1
00:51:36,24.75,196.00,1
00:51:38,24.25,196.00,1
00:51:40,24.75,196.00,1
00:51:42,24.75,196.00,1
00:51:44,25.00,196.00,1
00:51:46,24.50,196.00,1
00:51:48,24.50,196.00,1
00:51:50,24.25,196.00,1
00:51:52,0.00,196.00,1
00:51:54,0.00,196.00,1
00:51:56,0.00,196.00,1
00:51:58,0.00,196.00,1
00:52:00,0.00,196.00,1
00:52:02,0.00,196.00,1
00:52:04,0.00,196.00,1
00:52:06,0.00,196.00,1
00:52:08,8.00,196.00,1
00:52:10,24.50,196.00,1
00:52:12,24.75,196.00,1
00:52:14,24.75,196.00,1
00:52:16,24.00,196.00,1
00:52:18,24.75,196.00,1
00:52:20,24.00,196.00,1
00:52:22,24.00,196.00,1
00:52:24,24.75,196.00,1
00:52:26,24.75,196.00,1
00:52:28,24.75,196.00,1
00:52:30,24.75,196.00,1
00:52:32,24.25,196.00,1
00:52:34,24.75,196.00,1
00:52:36,24.25,196.00,1
00:52:38,25.00,196.00,1
00:52:40,24.50,196.00,1
00:52:42,24.75,196.00,1
00:52:44,24.25,196.00,1
00:52:46,24.50,196.00,1
00:52:48,24.75,196.00,1
00:52:50,24.50,196.00,1
00:52:52,24.75,196.00,1
00:52:54,24.50,196.00,1
00:52:56,24.50,196.00,1
00:52:58,24.25,196.00,1
00:53:00,24.00,196.00,1
00:53:08,25.00,0.00,0
00:53:10,24.50,0.00,0
00:53:12,24.00,0.00,0
00:53:14,24.75,0.00,0
00:53:16,24.50,0.00,0
00:53:18,24.75,0.00,0
00:53:20,24.75,0.00,0
00:53:22,24.75,0.00,0
00:53:24,24.50,0.00,0
00:53:26,0.00,0.00,0
00:53:28,0.00,0.00,0
00:53:30,0.50,0.00,0
00:53:32,24.50,0.00,0
00:53:34,24.75,0.00,0
00:53:36,24.50,0.00,0
00:53:38,24.75,0.00,0
00:53:40,24.50,0.00,0
00:53:42,24.75,0.00,0
00:53:44,24.50,0.00,0
00:53:46,25.00,0.00,0
00:53:48,24.75,0.00,0
00:53:50,0.00,0.00,0
00:53:52,0.00,0.00,0
00:53:54,0.00,0.00,0
00:53:56,25.00,0.00,0
00:53:58,24.50,0.00,0
00:54:00,24.00,0.00,0
00:54:02,24.50,0.00,0
00:54:04,0.00,0.00,0
00:54:06,0.00,0.00,0
00:54:08,0.00,0.00,0
00:54:10,0.00,0.00,0
00:54:12,0.00,0.00,0
00:54:14,0.00,0.00,0
00:54:16,0.00,0.00,0
00:54:18,0.00,0.00,0
00:54:20,0.00,0.00,0
00:54:22,0.00,0.00,0
00:54:24,0.00,0.00,0
00:54:26,0.00,0.00,0
00:54:28,0.00,0.00,0
00:54:30,0.00,0.00,0
00:54:32,24.25,0.00,0
00:54:34,24.25,0.00,0
00:54:36,25.00,0.00,0
00:54:38,24.50,0.00,0
00:54:40,24.75,0.00,0
00:54:42,24.50,0.00,0
00:54:44,24.50,210.00,1
00:54:46,24.50,210.00,1
00:54:48,24.75,210.00,1
00:54:50,24.50,210.00,1
00:54:52,24.75,210.00,1
00:54:54,24.75,210.00,1
00:54:56,24.25,210.00,1
00:54:58,24.25,210.00,1
00:55:00,24.50,210.00,1
00:55:02,24.75,210.00,1
00:55:04,24.75,210.00,1
00:55:06,24.75,210.00,1
00:55:08,24.75,210.00,1
00:55:10,24.75,210.00,1
00:55:12,24.50,210.00,1
00:55:14,24.75,210.00,1
00:55:16,24.50,210.00,1
00:55:18,24.50,210.00,1
00:55:20,24.25,210.00,1
00:55:22,24.50,210.00,1
00:55:24,24.50,210.00,1
00:55:26,24.75,210.00,1
00:55:28,25.00,210.00,1
00:55:30,24.25,210.00,1
00:55:31,24.50,0.00,0
00:55:33,25.00,0.00,0
00:55:35,24.75,0.00,0
00:55:37,24.50,196.00,1
00:55:39,24.50,196.00,1
00:55:41,24.75,196.00,1
00:55:43,24.25,196.00,1
00:55:45,24.50,196.00,1
00:55:46,24.75,0.00,0
00:55:48,24.50,0.00,0
00:55:50,24.75,210.00,1
00:55:52,24.50,210.00,1
00:55:54,24.25,210.00,1
00:55:56,24.75,210.00,1
00:55:58,25.00,210.00,1
00:56:00,24.75,210.00,1
00:56:02,24.25,210.00,1
00:56:04,24.50,210.00,1
00:56:06,24.50,210.00,1
00:56:08,24.50,210.00,1
00:56:10,24.50,210.00,1
00:56:12,24.75,210.00,1
00:56:14,24.75,210.00,1
00:56:16,25.50,210.00,1
00:56:18,25.75,210.00,1
00:56:20,26.50,210.00,1
00:56:22,26.75,210.00,1
00:56:24,27.00,210.00,1
00:56:26,28.25,210.00,1
00:56:28,28.00,210.00,1
00:56:30,28.50,210.00,1
00:56:32,28.00,210.00,1
00:56:34,28.75,210.00,1
00:56:36,28.75,210.00,1
00:56:38,28.75,210.00,1
00:56:40,28.75,210.00,1
00:56:42,28.75,210.00,1
00:56:44,28.50,210.00,1
00:56:46,28.75,210.00,1
00:56:48,28.25,210.00,1
00:56:50,28.75,210.00,1
00:56:52,27.75,210.00,1
00:56:54,28.50,0.00,0
00:56:56,28.75,0.00,0
00:56:58,0.75,231.00,1
00:57:00,0.00,231.00,1
00:57:02,28.00,231.00,1
00:57:04,28.25,231.00,1
00:57:06,28.00,231.00,1
00:57:08,28.50,231.00,1
00:57:10,28.50,231.00,1
00:57:12,28.50,231.00,1
00:57:14,28.00,231.00,1
00:57:16,28.25,231.00,1
00:57:18,28.25,231.00,1
00:57:20,28.00,231.00,1
00:57:22,28.50,231.00,1
00:57:24,28.25,231.00,1
00:57:26,28.00,231.00,1
00:57:28,28.00,231.00,1
00:57:30,27.50,231.00,1
00:57:32,28.25,231.00,1
00:57:34,28.25,231.00,1
00:57:36,28.00,231.00,1
00:57:38,27.50,231.00,1
00:57:40,27.75,231.00,1
00:57:42,27.25,231.00,1
00:57:44,27.75,231.00,1
00:57:46,28.00,231.00,1
00:57:48,27.75,231.00,1
00:57:50,27.75,231.00,1
00:57:52,27.75,231.00,1
00:57:54,27.75,231.00,1
00:57:56,27.50,231.00,1
00:57:58,28.00,231.00,1
00:58:00,27.50,231.00,1
00:58:02,27.75,231.00,1
00:58:04,27.50,231.00,1
00:58:06,27.75,231.00,1
00:58:08,27.50,231.00,1
00:58:10,27.25,231.00,1
00:58:12,27.50,231.00,1
00:58:14,27.00,231.00,1
00:58:16,27.25,231.00,1
00:58:18,27.25,231.00,1
00:58:20,27.50,231.00,1
00:58:22,27.00,231.00,1
00:58:24,27.25,231.00,1
00:58:26,27.00,231.00,1
00:58:28,27.00,231.00,1
00:58:30,27.50,231.00,1
00:58:32,27.25,231.00,1
00:58:34,27.25,231.00,1
00:58:36,27.00,231.00,1
00:58:38,27.50,231.00,1
00:58:40,26.75,231.00,1
00:58:42,27.00,231.00,1
00:58:44,27.00,231.00,1
00:58:46,27.50,231.00,1
00:58:48,26.75,231.00,1
00:58:50,27.25,231.00,1
00:58:52,27.50,231.00,1
00:58:54,27.00,231.00,1
00:58:56,27.00,231.00,1
00:58:58,26.75,231.00,1
00:59:00,27.00,231.00,1
00:59:02,27.25,231.00,1
00:59:04,26.75,231.00,1
00:59:06,27.00,231.00,1
00:59:08,26.75,231.00,1
00:59:10,27.25,231.00,1
00:59:12,26.75,231.00,1
00:59:14,26.75,231.00,1
00:59:16,26.75,231.00,1
00:59:18,26.25,231.00,1
00:59:20,27.25,231.00,1
00:59:22,26.50,231.00,1
00:59:24,26.75,231.00,1
00:59:26,27.00,231.00,1
00:59:28,27.00,231.00,1
00:59:30,26.75,231.00,1
00:59:32,26.75,231.00,1
00:59:34,27.00,231.00,1
00:59:36,26.00,231.00,1
00:59:38,26.75,231.00,1
00:59:40,26.75,231.00,1
00:59:42,26.75,231.00,1
00:59:44,26.75,231.00,1
00:59:46,26.75,231.00,1
00:59:48,26.50,231.00,1
00:59:50,26.75,231.00,1
00:59:52,26.00,231.00,1
00:59:54,26.50,231.00,1
00:59:56,26.25,231.00,1
00:59:58,26.75,231.00,1
01:00:00,26.00,231.00,1
01:00:02,26.50,231.00,1
01:00:04,26.50,231.00,1
01:00:06,27.00,231.00,1
01:00:08,26.00,231.00,1
01:00:10,26.75,231.00,1
01:00:12,26.50,231.00,1
01:00:14,26.75,231.00,1
01:00:16,26.50,231.00,1
01:00:18,26.50,231.00,1
01:00:20,26.75,231.00,1
01:00:22,26.75,231.00,1
01:00:24,27.00,231.00,1
01:00:26,26.25,231.00,1
01:00:28,26.75,231.00,1
01:00:30,26.50,231.00,1
01:00:32,26.50,231.00,1
01:00:34,26.75,231.00,1
01:00:36,26.00,231.00,1
01:00:38,26.50,231.00,1
01:00:40,26.50,231.00,1
01:00:42,26.50,231.00,1
01:00:44,26.50,231.00,1
01:00:46,26.50,231.00,1
01:00:48,26.75,231.00,1
01:00:50,26.50,231.00,1
01:00:52,26.25,231.00,1
01:00:54,26.25,231.00,1
01:00:56,26.25,231.00,1
01:00:58,26.50,231.00,0
01:01:00,26.50,231.00,0
01:01:02,26.50,231.00,0
01:01:04,26.00,231.00,0
01:01:06,25.75,231.00,0
01:01:08,25.75,231.00,0
01:01:10,26.50,231.00,0
01:01:12,26.00,231.00,0
01:01:14,26.25,231.00,0
01:01:16,26.50,231.00,0
01:01:18,26.50,231.00,0
01:01:20,25.50,231.00,0
01:01:22,26.25,231.00,0
01:01:24,26.25,231.00,0
01:01:26,26.25,231.00,0
01:01:28,26.00,231.00,0
01:01:30,26.25,231.00,0
01:01:32,26.50,231.00,0
01:01:34,25.75,231.00,0
01:01:36,26.00,231.00,0
01:01:38,26.00,231.00,0
01:01:40,26.00,231.00,0
01:01:42,26.25,231.00,0
01:01:44,25.75,231.00,0
01:01:46,26.25,231.00,0
01:01:48,26.25,231.00,0
01:01:50,26.00,231.00,0
01:01:52,25.75,231.00,0
01:01:54,26.25,231.00,0
01:01:56,25.75,231.00,0
01:01:58,26.00,231.00,0
01:02:00,26.00,231.00,0
01:02:02,26.00,231.00,0
01:02:04,26.00,231.00,0
01:02:06,25.75,231.00,0
01:02:08,26.00,231.00,0
01:02:10,25.75,231.00,0
01:02:12,26.00,231.00,0
01:02:14,26.25,231.00,0
01:02:16,26.00,231.00,0
01:02:18,25.50,231.00,0
01:02:20,25.25,231.00,0
01:02:22,26.00,231.00,0
01:02:24,26.25,231.00,0
01:02:26,25.50,231.00,0
01:02:28,26.25,231.00,0
01:02:30,25.75,231.00,0
01:02:32,25.75,231.00,0
01:02:34,26.00,231.00,0
01:02:36,25.75,231.00,0
01:02:38,25.50,231.00,0
01:02:40,26.00,231.00,0
01:02:42,26.00,231.00,0
01:02:44,26.00,231.00,0
01:02:46,25.50,231.00,0
01:02:48,25.50,231.00,0
01:02:50,25.50,231.00,0
01:02:52,25.75,231.00,0
01:02:54,25.75,231.00,0
01:02:56,26.00,231.00,0
01:02:58,26.00,231.00,0
01:03:00,25.75,231.00,0
01:03:02,25.50,231.00,0
01:03:04,25.75,210.00,1
01:03:06,25.75,210.00,1
01:03:08,25.75,210.00,1
01:03:10,25.75,210.00,1
01:03:12,26.00,210.00,1
01:03:14,25.75,210.00,1
01:03:16,25.50,210.00,1
01:03:32,26.00,0.00,0
01:03:34,26.00,0.00,0
01:03:36,25.75,0.00,0
01:03:38,25.50,0.00,0
01:03:40,25.75,196.00,1
01:03:42,25.75,196.00,1
01:03:44,25.25,196.00,1
01:03:46,25.75,196.00,0
01:03:48,25.75,196.00,0
01:03:50,25.25,196.00,0
01:03:52,25.75,196.00,0
01:03:54,25.25,196.00,0
01:03:56,25.75,196.00,0
01:03:58,25.75,196.00,0
01:04:00,25.50,196.00,0
01:04:02,25.50,196.00,0
01:04:04,25.75,196.00,0
01:04:06,25.50,196.00,0
01:04:08,25.50,196.00,0
01:04:10,25.75,196.00,0
01:04:12,25.50,196.00,0
01:04:14,25.25,196.00,0
01:04:16,25.75,196.00,0
01:04:18,25.75,196.00,0
01:04:20,25.25,196.00,0
01:04:22,25.50,196.00,0
01:04:24,25.75,196.00,0
01:04:26,25.75,196.00,0
01:04:28,25.50,196.00,0
01:04:30,25.75,196.00,0
01:04:32,25.50,196.00,0
01:04:39,25.00,0.00,0
01:04:41,25.25,0.00,0
01:04:43,26.00,0.00,0
01:04:45,25.50,0.00,0
01:04:47,25.75,0.00,0
01:04:49,25.50,0.00,0
01:04:51,25.75,0.00,0
01:04:53,25.50,0.00,0
01:04:55,25.50,0.00,0
01:04:57,25.25,0.00,0
01:04:59,25.75,0.00,0
01:05:01,25.25,0.00,0
01:05:03,25.75,0.00,0
01:05:05,25.75,0.00,0
01:05:07,25.25,196.00,1
01:05:09,25.50,196.00,1
01:05:11,24.75,196.00,0
01:05:13,25.75,196.00,0
01:05:15,25.50,196.00,0
01:05:17,24.75,196.00,1
01:05:19,25.25,196.00,1
01:05:21,25.00,196.00,0
01:05:23,25.50,196.00,0
01:05:25,25.25,231.00,1
01:05:27,25.50,231.00,0
01:05:29,25.00,231.00,1
01:05:31,25.75,231.00,0
01:05:33,25.50,231.00,0
01:05:35,25.50,231.00,0
01:05:37,24.75,231.00,0
01:05:39,25.50,231.00,0
01:05:41,25.50,231.00,0
01:05:43,25.50,231.00,0
01:05:45,25.00,231.00,0
01:05:47,25.00,231.00,0
01:05:49,25.00,231.00,0
01:05:51,25.00,231.00,0
01:05:53,25.50,231.00,0
01:05:55,25.50,231.00,0
01:05:57,25.50,231.00,0
01:05:59,25.25,231.00,0
01:06:01,25.25,231.00,0
01:06:03,25.00,231.00,0
01:06:05,25.25,231.00,0
01:06:07,25.25,231.00,0
01:06:09,25.25,231.00,0
01:06:11,25.00,231.00,0
01:06:13,25.00,231.00,0
01:06:15,25.50,231.00,0
01:06:17,25.50,231.00,0
01:06:19,25.50,231.00,0
01:06:21,25.50,231.00,0
01:06:23,25.00,231.00,0
01:06:25,25.50,231.00,0
01:06:27,25.50,231.00,0
01:06:29,25.50,231.00,0
01:06:31,25.00,231.00,0
01:06:33,25.25,231.00,0
01:06:35,25.25,231.00,0
01:06:37,24.75,231.00,0
01:06:39,25.25,231.00,0
01:06:41,25.25,231.00,0
01:06:43,25.00,231.00,0
01:06:45,25.25,231.00,0
01:06:47,25.50,231.00,0
01:06:49,25.00,231.00,0
01:06:51,25.25,231.00,0
01:06:53,25.25,231.00,0
01:06:55,25.25,231.00,0
01:06:57,25.00,231.00,0
01:06:59,24.75,231.00,0
01:07:01,25.50,231.00,0
01:07:03,25.25,231.00,0
01:07:05,25.25,231.00,0
01:07:07,25.25,231.00,0
01:07:09,25.00,231.00,0
01:07:11,25.00,231.00,0
01:07:13,24.75,231.00,0
01:07:15,25.25,231.00,0
01:07:17,24.75,231.00,0
01:07:19,25.00,231.00,0
01:07:21,25.25,231.00,0
01:07:23,25.25,231.00,0
01:07:25,25.50,231.00,0
01:07:27,25.50,231.00,0
01:07:29,25.50,231.00,0
01:07:31,25.25,231.00,0
01:07:33,25.00,231.00,0
01:07:35,25.00,231.00,0
01:07:37,25.00,231.00,0
01:07:39,25.25,231.00,0
01:07:41,25.50,231.00,0
01:07:43,25.00,231.00,0
01:07:45,25.50,231.00,0
01:07:47,25.00,231.00,0
01:07:49,25.25,231.00,0
01:07:56,25.50,0.00,0
01:07:58,25.50,0.00,0
01:08:00,25.50,0.00,0
01:08:02,25.50,0.00,0
01:08:04,25.00,0.00,0
01:08:06,25.25,0.00,0
01:08:08,25.50,0.00,0
01:08:10,25.50,0.00,0
01:08:12,25.50,0.00,0
01:08:14,25.00,0.00,0
01:08:16,25.25,0.00,0
01:08:18,25.25,0.00,0
01:08:20,25.00,0.00,0
01:08:22,25.25,0.00,0
01:08:24,25.25,196.00,1
01:08:26,25.00,196.00,1
01:08:28,25.25,196.00,0
01:08:30,25.00,196.00,0
01:08:32,25.50,196.00,0
01:08:34,25.25,196.00,0
01:08:36,25.25,196.00,0
01:08:38,25.50,196.00,0
01:08:40,25.25,196.00,0
01:08:42,25.25,196.00,0
01:08:44,25.75,196.00,0
01:08:46,25.00,196.00,0
01:08:48,25.00,196.00,0
01:08:50,25.50,196.00,0
01:08:52,24.75,196.00,1
01:08:54,25.00,196.00,1
01:08:56,24.75,196.00,1
01:08:58,25.00,196.00,0
01:09:00,25.25,210.00,1
01:09:02,25.25,210.00,1
01:09:04,25.25,210.00,1
01:09:06,25.25,210.00,1
01:09:08,25.00,210.00,1
01:09:10,25.25,210.00,0
01:09:12,25.00,210.00,0
01:09:14,25.25,210.00,0
01:09:16,24.75,210.00,0
01:09:18,24.75,196.00,1
01:09:20,25.00,196.00,1
01:09:22,25.25,196.00,1
01:09:24,25.00,196.00,0
01:09:26,25.25,196.00,0
01:09:28,25.00,196.00,0
01:09:30,25.00,196.00,0
01:09:32,24.75,196.00,0
01:09:34,25.25,231.00,1
01:09:36,25.25,231.00,1
01:09:38,24.75,231.00,1
01:09:40,25.00,231.00,1
01:09:42,24.75,231.00,1
01:09:44,24.75,231.00,1
01:09:46,25.25,231.00,1
01:09:48,24.75,231.00,1
01:09:50,24.50,231.00,1
01:09:52,24.75,231.00,1
01:09:54,24.75,231.00,1
01:09:56,25.00,231.00,1
01:09:58,25.00,231.00,1
01:10:00,25.25,231.00,1
01:10:02,25.25,231.00,1
01:10:04,25.25,231.00,1
01:10:06,25.00,231.00,1
01:10:08,24.75,231.00,1
01:10:10,24.50,231.00,1
01:10:12,24.25,231.00,1
01:10:14,25.25,231.00,1
01:10:16,25.25,231.00,1
01:10:18,25.25,231.00,1
01:10:20,24.75,231.00,1
01:10:22,24.75,231.00,1
01:10:24,24.50,231.00,1
01:10:26,24.75,231.00,1
01:10:28,25.25,231.00,1
01:10:30,24.75,231.00,1
01:10:32,25.00,231.00,1
01:10:34,25.00,231.00,1
01:10:36,25.25,231.00,1
01:10:38,25.25,231.00,1
01:10:40,25.25,231.00,1
01:10:42,25.25,231.00,1
01:10:44,25.00,231.00,1
01:10:46,25.00,231.00,1
01:10:48,24.75,231.00,1
01:10:50,25.25,231.00,1
01:10:52,25.25,231.00,1
01:10:54,25.00,231.00,1
01:10:56,25.00,231.00,1
01:10:58,25.25,231.00,1
01:11:00,25.00,231.00,1
01:11:02,24.75,231.00,1
01:11:04,25.25,231.00,1
01:11:06,25.00,231.00,1
01:11:08,24.75,231.00,1
01:11:10,25.00,231.00,1
01:11:12,25.00,231.00,1
01:11:14,25.00,231.00,1
01:11:16,25.25,231.00,1
01:11:18,25.25,231.00,1
01:11:20,24.75,231.00,1
01:11:22,25.00,231.00,1
01:11:24,25.25,231.00,1
01:11:26,25.00,231.00,1
01:11:28,25.25,231.00,1
01:11:30,25.50,231.00,1
01:11:32,24.75,231.00,1
01:11:34,25.25,231.00,1
01:11:36,25.25,231.00,1
01:11:38,25.50,231.00,1
01:11:40,25.25,231.00,1
01:11:42,25.25,231.00,1
01:11:44,25.25,231.00,1
01:11:46,25.25,231.00,1
01:11:48,25.50,231.00,1
01:11:50,24.75,231.00,1
01:11:52,25.50,231.00,1
01:11:54,25.25,231.00,1
01:11:56,25.00,231.00,1
01:11:58,25.50,231.00,1
01:12:00,25.00,231.00,1
01:12:02,25.25,231.00,1
01:12:04,25.50,231.00,1
01:12:06,25.25,231.00,1
01:12:08,25.00,231.00,1
01:12:10,25.25,231.00,1
01:12:12,25.00,231.00,1
01:12:14,25.00,231.00,1
01:12:16,25.25,231.00,1
01:12:18,25.50,231.00,1
01:12:20,25.25,231.00,1
01:12:22,25.50,231.00,1
01:12:24,25.25,231.00,1
01:12:26,25.25,231.00,1
01:12:28,24.75,231.00,1
01:12:30,25.25,231.00,1
01:12:32,25.25,231.00,1
01:12:34,24.75,231.00,1
01:12:36,25.25,231.00,1
01:12:38,25.25,231.00,1
01:12:40,25.00,231.00,1
01:12:42,25.25,231.00,1
01:12:44,25.00,231.00,1
01:12:46,25.25,231.00,1
01:12:48,25.25,231.00,1
01:12:50,25.25,231.00,1
01:12:52,25.25,231.00,1
01:12:54,24.75,231.00,1
01:12:56,24.50,231.00,1
01:12:58,25.50,231.00,1
01:13:00,25.25,231.00,1
01:13:02,25.00,231.00,1
01:13:04,24.75,231.00,1
01:13:06,25.00,231.00,1
01:13:08,25.25,231.00,1
01:13:10,25.25,231.00,1
01:13:12,25.25,231.00,1
01:13:14,24.75,231.00,1
01:13:16,25.25,231.00,1
01:13:18,25.25,231.00,1
01:13:20,24.75,231.00,1
01:13:22,25.50,231.00,1
01:13:24,25.25,231.00,1
01:13:26,25.50,231.00,1
01:13:28,25.50,231.00,1
01:13:30,25.50,231.00,1
01:13:32,25.50,231.00,1
01:13:34,25.50,231.00,0
01:13:36,25.00,231.00,0
01:13:38,25.00,231.00,0
01:13:40,25.25,231.00,0
01:13:42,25.75,231.00,0
01:13:44,25.50,231.00,0
01:13:46,25.00,231.00,0
01:13:48,25.25,231.00,0
01:13:50,25.75,231.00,0
01:13:52,25.75,231.00,0
01:13:54,25.50,231.00,0
01:13:56,25.25,231.00,0
01:13:58,25.00,231.00,0
01:14:00,25.00,231.00,0
01:14:02,25.00,231.00,0
01:14:04,24.75,231.00,0
01:14:06,25.00,231.00,0
01:14:08,25.00,231.00,0
01:14:10,25.25,231.00,0
01:14:12,25.25,231.00,0
01:14:14,25.25,231.00,0
01:14:16,25.25,231.00,0
01:14:18,25.25,231.00,0
01:14:20,25.25,231.00,0
01:14:22,24.75,231.00,0
01:14:24,25.25,231.00,0
01:14:26,25.25,231.00,0
01:14:28,25.00,231.00,0
01:14:30,24.75,231.00,0
01:14:32,25.00,231.00,0
01:14:40,24.75,0.00,0
01:14:42,25.25,0.00,0
01:14:44,25.25,0.00,0
01:14:46,25.25,0.00,0
01:14:48,24.75,0.00,0
01:14:50,25.25,0.00,0
01:14:52,25.50,196.00,1
01:14:54,25.00,196.00,1
01:14:56,25.50,196.00,0
01:14:58,23.75,196.00,0
01:15:00,25.50,196.00,0
01:15:02,25.00,196.00,0
01:15:04,25.25,196.00,0
01:15:06,25.50,196.00,0
01:15:08,25.50,196.00,0
01:15:10,24.50,196.00,0
01:15:12,24.75,196.00,0
01:15:14,25.00,196.00,0
01:15:16,25.00,210.00,1
01:15:18,25.25,210.00,1
01:15:20,24.75,210.00,1
01:15:22,25.25,210.00,1
01:15:24,24.75,210.00,1
01:15:26,25.00,210.00,1
01:15:28,25.00,210.00,1
01:15:30,25.25,210.00,1
01:15:32,25.25,210.00,0
01:15:34,24.00,210.00,0
01:15:36,24.75,231.00,1
01:15:38,25.00,231.00,0
01:15:40,24.00,231.00,0
01:15:42,24.75,231.00,1
01:15:44,25.25,231.00,1
01:15:46,24.75,231.00,1
01:15:48,25.00,231.00,1
01:15:50,25.00,231.00,1
01:15:52,25.25,231.00,1
01:15:54,25.25,231.00,1
01:15:56,25.25,231.00,1
01:15:58,25.00,231.00,1
01:16:00,25.00,231.00,1
01:16:02,25.25,231.00,1
01:16:04,25.25,231.00,1
01:16:06,25.50,231.00,1
01:16:08,25.25,231.00,1
01:16:10,24.75,231.00,1
01:16:12,25.25,231.00,1
01:16:14,25.25,231.00,1
01:16:16,25.25,231.00,1
01:16:18,25.25,231.00,1
01:16:20,24.75,231.00,1
01:16:22,25.00,231.00,1
01:16:24,24.75,231.00,1
01:16:26,25.00,231.00,1
01:16:28,24.75,231.00,1
01:16:30,25.25,231.00,1
01:16:32,25.25,231.00,1
01:16:34,25.25,231.00,1
01:16:36,25.00,231.00,1
01:16:38,25.25,231.00,1
01:16:40,24.75,231.00,1
01:16:42,25.00,231.00,1
01:16:44,25.00,231.00,1
01:16:46,25.00,231.00,1
01:16:48,25.25,231.00,1
01:16:50,25.00,231.00,1
01:16:52,25.00,231.00,1
01:16:54,25.25,231.00,1
01:16:56,25.00,231.00,1
01:16:58,25.00,231.00,1
01:17:00,25.25,231.00,1
01:17:02,24.50,231.00,1
01:17:04,25.00,231.00,1
01:17:06,24.75,231.00,1
01:17:08,25.00,231.00,1
01:17:10,25.00,231.00,1
01:17:12,24.50,231.00,1
01:17:14,24.50,231.00,1
01:17:16,24.75,231.00,1
01:17:18,25.25,231.00,1
01:17:20,25.00,231.00,1
01:17:22,25.00,231.00,1
01:17:24,24.75,231.00,1
01:17:26,25.00,231.00,1
01:17:28,25.00,231.00,1
01:17:30,24.75,231.00,1
01:17:32,24.75,231.00,1
01:17:34,24.75,231.00,1
01:17:36,25.00,231.00,1
01:17:38,25.25,231.00,1
01:17:40,24.75,231.00,1
01:17:42,24.75,231.00,1
01:17:44,24.75,231.00,1
01:17:46,24.75,231.00,1
01:17:48,25.00,231.00,1
01:17:50,25.00,231.00,1
01:17:52,25.25,231.00,1
01:17:54,24.75,231.00,1
01:17:56,24.75,231.00,1
01:17:58,25.25,231.00,1
01:18:00,25.00,231.00,1
01:18:02,25.00,231.00,1
01:18:04,25.25,231.00,1
01:18:06,24.75,231.00,1
01:18:08,25.25,231.00,1
01:18:10,25.00,231.00,1
01:18:12,25.25,231.00,1
01:18:14,25.25,231.00,1
01:18:16,25.25,231.00,1
01:18:18,24.50,231.00,1
01:18:20,25.00,231.00,1
01:18:22,24.50,231.00,1
01:18:24,25.00,231.00,1
01:18:26,24.75,231.00,1
01:18:28,25.00,231.00,1
01:18:30,25.25,231.00,1
01:18:32,24.25,231.00,1
01:18:34,25.00,231.00,1
01:18:36,25.25,231.00,1
01:18:38,24.75,231.00,1
01:18:40,24.50,231.00,1
01:18:42,24.75,231.00,1
01:18:44,24.75,231.00,1
01:18:46,25.00,231.00,1
01:18:48,24.75,231.00,1
01:18:50,24.75,231.00,1
01:18:52,24.50,231.00,1
01:18:54,24.75,231.00,1
01:18:56,24.75,231.00,1
01:18:58,25.00,231.00,1
01:19:00,25.00,231.00,1
01:19:02,24.75,231.00,1
01:19:04,24.75,231.00,1
01:19:06,24.50,231.00,1
01:19:08,25.25,231.00,1
01:19:10,25.25,231.00,1
01:19:12,25.00,231.00,1
01:19:14,25.25,231.00,1
01:19:16,25.25,231.00,1
01:19:18,24.75,231.00,1
01:19:20,25.00,231.00,1
01:19:22,24.75,231.00,1
01:19:24,24.75,231.00,1
01:19:26,24.75,231.00,1
01:19:28,25.00,231.00,1
01:19:30,24.75,231.00,1
01:19:32,25.00,231.00,1
01:19:34,0.00,231.00,1
01:19:36,24.75,231.00,1
01:19:38,25.25,231.00,1
01:19:40,25.25,231.00,1
01:19:42,25.00,231.00,0
01:19:44,24.75,231.00,0
01:19:46,25.00,231.00,0
01:19:48,25.00,231.00,0
01:19:50,25.25,231.00,0
01:19:52,25.00,231.00,0
01:19:54,25.25,231.00,0
01:19:56,25.00,231.00,0
01:19:58,25.25,231.00,0
01:20:00,25.00,231.00,0
01:20:02,25.25,231.00,0
01:20:04,25.25,231.00,0
01:20:06,25.00,231.00,0
01:20:08,24.75,231.00,0
01:20:10,24.75,231.00,0
01:20:12,25.25,231.00,0
01:20:14,25.25,231.00,0
01:20:16,25.25,231.00,0
01:20:18,25.25,231.00,0
01:20:20,25.00,231.00,0
01:20:22,25.00,231.00,0
01:20:24,25.25,231.00,0
01:20:26,25.25,231.00,0
01:20:28,25.25,231.00,0
01:20:30,25.00,231.00,0
01:20:32,25.00,231.00,0
01:20:34,24.75,231.00,0
01:20:36,24.50,231.00,0
01:20:38,25.25,231.00,0
01:20:40,24.75,231.00,0
01:20:42,24.75,231.00,0
01:20:44,25.25,231.00,0
01:20:46,25.00,231.00,0
01:20:48,25.00,231.00,0
01:20:50,25.25,231.00,0
01:20:52,24.75,231.00,0
01:20:54,24.50,231.00,0
01:20:56,25.25,231.00,0
01:20:58,24.75,231.00,0
01:21:00,25.00,231.00,0
01:21:02,24.75,231.00,0
01:21:04,24.50,231.00,0
01:21:06,25.00,231.00,0
01:21:08,25.25,231.00,0
01:21:10,25.00,231.00,0
01:21:12,24.75,231.00,0
01:21:14,25.00,231.00,0
01:21:16,25.00,231.00,0
01:21:18,24.75,231.00,0
01:21:20,24.50,231.00,0
01:21:22,24.50,231.00,0
01:21:24,25.00,231.00,0
01:21:26,25.25,231.00,0
01:21:28,25.00,231.00,0
01:21:30,24.25,231.00,0
01:21:32,24.50,231.00,0
01:21:34,24.75,231.00,0
01:21:36,25.25,231.00,0
01:21:38,24.25,231.00,0
01:21:40,24.50,231.00,0
01:21:42,25.00,231.00,0
01:21:44,24.75,231.00,0
01:21:46,24.75,231.00,0
01:21:48,25.25,231.00,0
01:21:50,24.75,231.00,0
01:21:52,25.00,231.00,0
01:21:54,24.75,231.00,0
01:21:56,25.00,231.00,0
01:21:58,25.25,231.00,0
01:22:00,25.25,231.00,0
01:22:02,25.25,231.00,0
01:22:04,25.00,231.00,0
01:22:06,25.25,231.00,0
01:22:08,25.00,231.00,0
01:22:10,25.00,231.00,0
01:22:12,25.00,231.00,0
01:22:14,25.00,231.00,0
01:22:16,24.50,231.00,0
01:22:18,25.00,231.00,0
01:22:20,24.25,231.00,0
01:22:22,25.00,231.00,0
01:22:24,24.25,231.00,0
01:22:26,25.25,231.00,0
01:22:28,25.00,231.00,0
01:22:30,25.00,231.00,0
01:22:32,25.00,231.00,0
01:22:34,24.75,231.00,0
01:22:36,25.00,231.00,0
01:22:38,24.50,231.00,0
01:22:40,25.25,231.00,0
01:22:42,25.00,231.00,0
01:22:52,24.50,0.00,0
01:22:54,25.00,0.00,0
01:22:56,25.25,0.00,0
01:22:58,24.50,0.00,0
01:23:00,25.00,0.00,0
01:23:02,24.75,0.00,0
01:23:04,24.50,0.00,0
01:23:06,25.00,0.00,0
01:23:08,25.00,0.00,0
01:23:10,25.25,0.00,0
01:23:12,25.00,0.00,0
01:23:14,24.50,0.00,0
01:23:16,24.75,0.00,0
01:23:18,24.50,0.00,0
01:23:20,24.50,196.00,1
01:23:22,24.25,196.00,1
01:23:24,25.00,196.00,1
01:23:26,25.00,196.00,1
01:23:28,24.50,196.00,1
01:23:30,25.00,196.00,0
01:23:32,23.75,196.00,0
01:23:38,24.75,196.00,0
01:23:38,24.75,196.00,0
01:23:38,24.75,196.00,0
01:23:40,24.50,196.00,0
01:23:42,25.00,196.00,0
01:23:48,24.75,210.00,1
01:23:48,24.75,210.00,1
01:23:50,24.50,210.00,1
01:23:50,24.50,210.00,1
01:23:52,24.50,210.00,0
01:23:54,23.00,210.00,0
01:24:00,24.25,210.00,0
01:24:00,24.25,210.00,0
01:24:00,24.25,210.00,0
01:24:02,25.00,210.00,0
01:25:29,25.00,0.00,0
01:25:31,24.50,0.00,0
01:25:33,0.00,0.00,0
01:25:35,0.00,0.00,0
01:25:37,25.00,0.00,0
01:25:39,24.25,0.00,0
01:25:41,25.00,0.00,0
01:25:43,25.00,0.00,0
01:25:45,24.50,0.00,0
01:25:47,25.25,0.00,0
01:25:49,24.75,0.00,0
01:25:51,24.75,0.00,0
01:25:53,24.50,0.00,0
01:25:55,25.00,0.00,0
01:25:57,24.50,0.00,0
01:25:59,25.00,210.00,1
01:26:01,24.75,210.00,1
01:26:03,24.75,210.00,0
01:26:05,23.25,210.00,0
01:26:11,24.75,210.00,0
01:26:11,24.75,210.00,0
01:26:11,24.75,210.00,0
01:26:13,24.75,210.00,0
01:26:19,24.50,231.00,1
01:26:20,24.50,231.00,1
01:26:22,24.75,231.00,1
01:26:22,24.75,231.00,1
01:26:23,24.50,231.00,1
01:26:25,24.50,231.00,1
01:26:27,24.75,231.00,1
01:26:29,24.75,231.00,1
01:26:31,25.00,231.00,1
01:26:33,24.75,231.00,1
01:26:35,25.00,231.00,1
01:26:37,25.00,231.00,1
01:26:39,24.00,231.00,1
01:26:41,24.75,231.00,1
01:26:43,25.00,231.00,1
01:26:45,25.00,231.00,1
01:26:47,25.25,231.00,1
01:26:49,25.00,231.00,1
01:26:51,25.25,231.00,1
01:26:53,24.75,231.00,1
01:26:55,24.75,231.00,1
01:26:57,25.00,231.00,1
01:26:59,25.25,231.00,1
01:27:01,25.25,231.00,1
01:27:03,25.00,231.00,1
01:27:05,25.00,231.00,1
01:27:07,24.75,231.00,1
01:27:09,24.75,231.00,1
01:27:11,24.75,231.00,1
01:27:13,25.00,231.00,1
01:27:15,24.50,231.00,1
01:27:17,24.75,231.00,1
01:27:19,24.75,231.00,1
01:27:21,24.75,231.00,1
01:27:23,24.50,231.00,1
01:27:25,24.75,231.00,1
01:27:27,25.00,231.00,1
01:27:29,24.75,231.00,1
01:27:31,24.75,231.00,1
01:27:33,25.25,231.00,1
01:27:35,25.00,231.00,1
01:27:37,24.50,231.00,1
01:27:39,24.75,231.00,1
01:27:41,25.00,231.00,1
01:27:43,24.75,231.00,1
01:27:45,24.75,231.00,1
01:27:47,25.25,231.00,1
01:27:49,25.00,231.00,1
01:27:51,24.75,231.00,1
01:27:53,25.00,231.00,1
01:27:55,25.00,231.00,1
01:27:57,25.00,231.00,1
01:27:59,25.25,231.00,1
01:28:10,24.50,0.00,0
01:28:12,25.25,0.00,0
01:28:14,24.75,0.00,0
01:28:16,24.75,0.00,0
01:28:18,25.25,0.00,0
01:28:20,25.25,0.00,0
01:28:21,25.00,0.00,0
01:28:24,25.00,0.00,0
01:28:26,25.25,0.00,0
01:28:28,24.75,0.00,0
01:28:30,25.00,0.00,0
01:28:32,25.00,0.00,0
01:28:34,24.75,0.00,0
01:28:36,25.25,0.00,0
01:28:38,25.25,0.00,0
01:28:40,25.25,196.00,1
01:28:42,23.25,196.00,1
01:28:50,24.75,196.00,0
01:28:58,25.00,196.00,0
01:28:58,25.00,196.00,0
01:29:00,24.75,196.00,0
01:29:00,24.75,196.00,0
01:29:00,24.75,196.00,0
01:29:00,24.75,196.00,0
01:29:00,24.75,196.00,0
01:29:00,24.75,196.00,0
01:29:02,24.50,196.00,0
01:29:04,25.00,196.00,0
01:29:06,25.00,196.00,0
01:29:08,25.00,196.00,0
01:29:10,24.50,196.00,0
01:29:12,24.75,196.00,0
01:29:14,24.75,196.00,0
01:29:16,25.25,196.00,0
01:29:18,25.25,196.00,0
01:29:20,25.25,196.00,0
01:29:22,24.50,196.00,0
01:29:24,25.25,196.00,0
01:29:26,25.25,196.00,0
01:29:28,25.25,196.00,0
01:29:30,25.00,196.00,0
01:29:32,25.00,196.00,0
01:29:34,25.00,196.00,0
01:29:36,24.50,196.00,0
01:29:38,25.00,196.00,0
01:29:40,25.25,196.00,0
01:29:42,25.00,196.00,0
01:29:44,25.25,196.00,0
01:29:46,24.75,196.00,0
01:29:48,25.25,196.00,0
01:29:50,25.25,196.00,0
01:29:52,25.25,196.00,0
01:29:54,25.25,196.00,0
01:29:56,25.00,196.00,0
01:29:58,25.25,196.00,0
01:30:00,24.75,196.00,0
01:30:02,25.25,196.00,0
01:30:04,24.75,196.00,0
01:30:06,25.25,196.00,0
01:30:08,24.75,196.00,0
01:30:10,25.00,196.00,0
01:30:12,25.25,196.00,0
01:30:14,25.25,196.00,0
01:30:16,24.75,196.00,0
01:30:18,25.25,196.00,0
01:30:20,24.50,196.00,0
01:30:22,25.25,196.00,0
01:30:24,25.25,196.00,0
01:30:26,24.75,196.00,0
01:30:28,24.75,196.00,0
01:30:30,25.25,196.00,0
01:30:32,25.25,196.00,0
01:30:34,25.25,196.00,0
01:30:36,25.00,196.00,0
01:30:38,25.25,196.00,0
01:30:40,25.50,196.00,0
01:30:42,25.25,196.00,0
01:30:44,25.25,196.00,0
01:30:46,25.00,196.00,0
01:30:48,24.75,196.00,0
01:30:50,25.25,196.00,0
01:30:52,25.25,196.00,0
01:30:54,25.00,196.00,0
01:30:56,24.75,196.00,0
01:30:58,25.50,196.00,0
01:31:00,25.00,196.00,0
01:31:02,25.25,196.00,0
01:31:04,24.50,196.00,0
01:31:06,24.75,196.00,0
01:31:08,24.75,196.00,0
01:31:10,25.25,196.00,0
01:31:12,25.25,196.00,0
01:31:14,25.25,196.00,0
01:31:16,24.75,196.00,0
01:31:18,25.25,196.00,0
01:31:20,25.25,196.00,0
01:31:22,25.00,196.00,0
01:31:24,24.75,196.00,0
01:31:26,24.75,196.00,0
01:31:28,25.00,196.00,0
01:31:30,25.50,196.00,0
01:31:32,25.25,196.00,0
01:31:34,25.00,196.00,0
01:31:36,25.00,196.00,0
01:31:38,25.25,196.00,0
01:31:40,24.50,196.00,0
01:31:42,25.00,196.00,0
01:31:44,25.25,196.00,0
01:31:46,24.75,196.00,0
01:31:48,25.25,196.00,0
01:31:50,25.25,196.00,0
01:31:52,25.25,196.00,0
01:31:54,25.00,196.00,0
01:31:56,25.25,196.00,0
01:31:58,25.00,196.00,0
01:32:00,25.25,196.00,0
01:32:02,25.00,196.00,0
01:32:04,25.25,196.00,0
01:32:06,25.25,196.00,0
01:32:08,25.25,196.00,0
01:32:10,25.00,196.00,0
01:32:12,25.00,196.00,0
01:32:14,25.00,196.00,0
01:32:16,25.00,196.00,0
01:32:18,24.75,196.00,0
01:32:20,25.00,196.00,0
01:32:22,24.75,196.00,0
01:32:24,25.25,196.00,0
01:32:26,25.25,196.00,0
01:32:28,25.25,196.00,0
01:32:30,25.00,196.00,0
01:32:32,25.00,196.00,0
01:32:34,25.00,196.00,0
01:32:36,25.00,196.00,0
01:32:38,25.00,196.00,0
01:32:40,24.75,196.00,0
01:32:42,25.25,196.00,0
01:32:44,25.00,196.00,0
01:32:46,25.25,196.00,0
01:32:48,25.25,196.00,0
01:32:50,24.75,196.00,0
01:32:52,25.00,196.00,0
01:32:54,25.25,196.00,0
01:32:56,25.25,196.00,0
01:32:58,24.75,196.00,0
01:33:00,25.25,196.00,0
01:33:02,25.00,196.00,0
01:33:04,25.25,196.00,0
01:33:06,25.00,196.00,0
01:33:08,25.00,196.00,0
01:33:10,25.00,196.00,0
01:33:12,25.25,196.00,0
01:33:14,25.00,196.00,0
01:33:16,24.75,196.00,0
01:33:18,24.75,196.00,0
01:33:20,24.75,196.00,0
01:33:22,24.75,196.00,0
01:33:24,25.00,196.00,0
01:33:26,24.75,196.00,0
01:33:28,24.75,196.00,0
01:33:30,25.00,196.00,0
01:33:32,25.25,196.00,0
01:33:34,25.00,196.00,0
01:33:36,25.50,196.00,0
01:33:38,25.25,196.00,0
01:33:40,24.75,196.00,0
01:33:42,25.25,196.00,0
01:33:44,25.00,196.00,0
01:33:46,25.25,196.00,0
01:33:48,24.75,196.00,0
01:33:50,24.75,196.00,0
01:33:52,25.00,196.00,0
01:33:54,25.50,196.00,0
01:33:56,25.25,196.00,0
01:33:58,25.25,196.00,0
01:34:00,24.75,196.00,0
01:34:02,25.25,196.00,0
01:34:04,25.25,196.00,0
01:34:06,25.25,196.00,0
01:34:08,25.25,196.00,0
01:34:10,25.00,196.00,0
01:34:12,25.00,196.00,0
01:34:14,25.50,196.00,0
01:34:16,25.50,196.00,0
01:34:18,25.25,196.00,0
01:34:20,25.00,196.00,0
01:34:28,25.25,0.00,0
01:34:30,25.25,0.00,0
01:34:32,25.50,0.00,0
01:34:34,25.50,0.00,0
01:34:36,25.25,0.00,0
01:34:38,25.00,0.00,0
01:34:40,25.25,0.00,0
01:34:42,25.00,0.00,0
01:34:44,25.25,0.00,0
01:34:46,25.00,0.00,0
01:34:48,24.75,196.00,1
01:34:52,25.25,196.00,1
01:34:52,25.00,196.00,1
01:34:54,25.25,196.00,1
01:34:56,25.00,196.00,0
01:35:00,24.75,196.00,0
01:35:00,25.25,196.00,0
01:35:02,25.00,196.00,0
01:35:04,25.00,196.00,0
01:35:06,25.25,196.00,0
01:35:08,25.50,196.00,0
01:35:10,25.25,196.00,0
01:35:12,24.75,196.00,0
01:35:14,25.00,210.00,1
01:35:16,25.00,210.00,0
01:35:23,25.25,210.00,0
01:35:23,25.25,210.00,0
01:35:23,25.25,210.00,0
01:35:24,25.00,210.00,0
01:35:26,25.25,210.00,0
01:35:28,25.25,210.00,0
01:35:30,25.00,210.00,0
01:35:32,25.25,210.00,0
01:35:34,25.25,210.00,0
01:35:36,25.00,210.00,0
01:35:38,24.75,210.00,0
01:35:40,25.50,210.00,0
01:35:42,25.50,210.00,0
01:35:44,25.50,210.00,0
01:35:46,25.75,210.00,0
01:35:48,25.75,210.00,0
01:35:50,26.00,210.00,0
01:35:52,26.25,210.00,0
01:35:54,26.25,210.00,0
01:35:56,26.00,210.00,0
01:35:58,26.25,210.00,0
01:36:00,26.50,210.00,0
01:36:02,26.25,210.00,0
01:36:04,26.50,210.00,0
01:36:06,26.50,210.00,0
01:36:08,26.75,210.00,0
01:36:10,26.00,210.00,0
01:36:12,26.25,210.00,0
01:36:14,26.75,210.00,0
01:36:16,26.75,210.00,0
01:36:18,26.50,210.00,0
01:36:20,26.25,210.00,0
01:36:22,26.75,210.00,0
01:36:24,26.50,210.00,0
01:36:26,27.00,210.00,0
01:36:28,26.75,210.00,0
01:36:30,26.75,210.00,0
01:36:32,27.00,210.00,0
01:36:34,26.75,210.00,0
01:36:36,26.75,210.00,0
01:36:38,26.50,210.00,0
01:36:40,26.75,210.00,0
01:36:42,27.00,210.00,0
01:36:44,27.25,210.00,0
01:36:46,27.00,210.00,0
01:36:48,27.00,210.00,0
01:36:50,27.00,210.00,0
01:36:52,26.75,210.00,0
01:36:54,27.25,210.00,0
01:36:56,27.50,196.00,1
01:36:58,27.75,196.00,1
01:37:00,27.75,196.00,1
01:37:02,28.00,196.00,1
01:37:04,28.25,196.00,1
01:37:06,28.00,196.00,1
01:37:08,28.75,196.00,1
01:37:10,29.25,196.00,1
01:37:12,29.00,196.00,1
01:37:14,28.75,196.00,1
01:37:16,29.00,196.00,1
01:37:18,29.75,196.00,1
01:37:20,30.00,196.00,1
01:37:22,29.50,196.00,1
01:37:24,30.50,196.00,1
01:37:26,30.75,196.00,1
01:37:28,31.00,196.00,1
01:37:30,31.00,196.00,1
01:37:32,31.75,196.00,1
01:37:34,32.00,196.00,1
01:37:36,32.75,196.00,1
01:37:38,33.00,196.00,1
01:37:40,33.25,196.00,1
01:37:42,34.00,196.00,1
01:37:44,33.75,196.00,1
01:37:46,34.25,196.00,1
01:37:48,35.00,196.00,1
01:37:50,35.25,196.00,1
01:37:52,35.75,196.00,1
01:37:54,36.25,196.00,1
01:37:56,37.25,196.00,1
01:37:58,37.25,196.00,1
01:38:00,38.75,196.00,1
01:38:02,39.25,196.00,1
01:38:04,39.75,196.00,1
01:38:06,40.50,196.00,1
01:38:08,40.75,196.00,1
01:38:10,41.75,196.00,1
01:38:12,42.75,196.00,1
01:38:14,43.25,196.00,1
01:38:16,44.25,196.00,1
01:38:18,44.50,196.00,1
01:38:20,45.00,196.00,1
01:38:22,45.75,196.00,1
01:38:24,46.25,196.00,1
01:38:26,46.50,196.00,1
01:38:28,47.75,196.00,1
01:38:30,47.75,196.00,1
01:38:32,49.00,196.00,1
01:38:34,49.50,196.00,1
01:38:36,49.50,196.00,1
01:38:38,50.25,196.00,1
01:38:40,51.25,196.00,1
01:38:42,51.25,196.00,1
01:38:44,52.00,196.00,1
01:38:46,52.75,196.00,1
01:38:48,53.00,196.00,1
01:38:50,54.00,196.00,1
01:38:52,54.75,196.00,1
01:38:54,55.50,196.00,1
01:38:56,55.75,196.00,1
01:38:58,56.25,196.00,1
01:39:00,57.00,196.00,1
01:39:02,57.75,196.00,1
01:39:04,58.25,196.00,1
01:39:06,61.50,196.00,1
01:39:08,65.75,196.00,1
01:39:10,71.00,196.00,1
01:39:12,76.75,196.00,1
01:39:14,82.25,196.00,1
01:39:16,87.50,196.00,1
01:39:18,93.50,196.00,1
01:39:20,99.25,196.00,1
01:39:22,105.00,196.00,1
01:39:24,110.25,196.00,1
01:39:26,115.50,196.00,1
01:39:28,121.00,196.00,1
01:39:30,125.75,196.00,1
01:39:32,130.25,196.00,1
01:39:34,134.25,196.00,1
01:39:36,138.75,196.00,1
01:39:38,143.00,196.00,1
01:39:40,147.25,196.00,1
01:39:42,150.75,196.00,1
01:39:44,155.00,196.00,1
01:39:46,158.75,196.00,1
01:39:48,162.25,196.00,1
01:39:50,165.75,196.00,1
01:39:52,168.75,196.00,1
01:39:54,172.00,196.00,1
01:39:56,175.00,196.00,1
01:39:58,177.50,196.00,1
01:40:00,179.75,196.00,1
01:40:02,183.00,196.00,1
01:40:04,185.00,196.00,1
01:40:06,187.50,196.00,1
01:40:08,189.25,196.00,1
01:40:10,191.75,196.00,1
01:40:12,193.75,196.00,1
01:40:14,195.00,196.00,1
01:40:16,196.25,196.00,1
01:40:18,196.50,196.00,1
01:40:20,197.50,196.00,1
01:40:22,198.50,196.00,0
01:40:24,199.75,196.00,0
01:40:26,200.50,196.00,0
01:40:28,201.50,196.00,0
01:40:30,202.50,196.00,0
01:40:32,204.00,196.00,0
01:40:34,204.75,196.00,0
01:40:36,206.00,196.00,0
01:40:38,207.25,196.00,0
01:40:40,208.75,196.00,0
01:40:42,209.75,196.00,0
01:40:44,211.00,196.00,0
01:40:46,212.00,196.00,0
01:40:48,213.00,196.00,0
01:40:50,214.00,196.00,0
01:40:52,213.75,196.00,0
01:40:54,213.50,196.00,0
01:40:56,213.25,196.00,0
01:40:58,211.00,196.00,0
01:41:00,209.00,196.00,0
01:41:02,207.25,196.00,0
01:41:04,204.00,196.00,0
01:41:06,202.00,196.00,0
01:41:08,201.50,196.00,0
01:41:10,203.00,196.00,0
01:41:12,204.50,196.00,0
01:41:14,207.00,196.00,0
01:41:16,209.00,196.00,0
01:41:18,208.75,196.00,0
01:41:20,209.25,196.00,0
01:41:22,208.00,196.00,0
01:41:24,205.50,196.00,0
01:41:26,203.75,210.00,1
01:41:29,202.25,210.00,1
01:41:30,201.00,210.00,1
01:41:32,200.75,210.00,0
01:41:36,199.50,210.00,0
01:41:36,199.00,210.00,0
01:41:38,198.75,210.00,0
01:41:40,198.00,210.00,0
01:41:42,198.00,210.00,0
01:41:44,197.75,196.00,0
01:41:46,197.50,196.00,0
01:41:48,197.75,196.00,0
01:41:50,197.75,196.00,0
01:41:52,197.00,196.00,0
01:41:54,196.75,196.00,0
01:41:56,196.75,196.00,0
01:41:58,197.00,196.00,0
01:42:00,196.50,196.00,0
01:42:02,196.75,196.00,0
01:42:04,196.00,196.00,0
01:42:06,195.75,196.00,0
01:42:08,195.25,196.00,0
01:42:10,194.75,196.00,0
01:42:12,195.00,196.00,0
01:42:14,195.75,196.00,0
01:42:16,197.00,196.00,0
01:42:18,197.75,196.00,0
01:42:20,200.00,196.00,0
01:42:22,201.00,196.00,0
01:42:24,202.75,196.00,0
01:42:26,203.75,196.00,0
01:42:28,206.00,196.00,0
01:42:30,207.25,196.00,0
01:42:32,208.00,196.00,0
01:42:34,208.00,196.00,0
01:42:36,209.00,196.00,0
01:42:38,209.50,196.00,0
01:42:40,209.75,196.00,0
01:42:42,210.50,196.00,0
01:42:44,210.25,196.00,0
01:42:46,207.00,0.00,0
01:42:48,204.50,0.00,0
01:42:50,201.00,0.00,0
01:42:52,197.50,0.00,0
01:42:54,194.50,0.00,0
01:42:56,191.50,0.00,0
01:42:58,187.75,0.00,0
01:43:00,185.25,196.00,1
01:43:02,182.25,196.00,1
01:43:04,179.75,196.00,1
01:43:06,176.75,196.00,1
01:43:08,176.50,196.00,1
01:43:10,176.50,196.00,1
01:43:12,177.25,196.00,1
01:43:14,178.25,196.00,1
01:43:16,180.00,196.00,1
01:43:18,182.00,196.00,1
01:43:20,184.00,196.00,1
01:43:22,186.75,196.00,1
01:43:24,188.25,196.00,1
01:43:26,190.00,196.00,1
01:43:28,191.75,196.00,1
01:43:30,193.50,196.00,1
01:43:32,194.75,196.00,1
01:43:34,196.00,196.00,1
01:43:36,197.00,196.00,1
01:43:38,197.50,196.00,1
01:43:40,198.00,196.00,1
01:43:42,198.75,196.00,0
01:43:44,199.25,196.00,0
01:43:46,200.25,196.00,0
01:43:48,200.75,196.00,0
01:43:50,201.50,196.00,0
01:43:52,202.25,196.00,0
01:43:54,202.75,196.00,0
01:43:56,203.50,196.00,0
01:43:58,204.25,196.00,0
01:44:00,204.25,196.00,0
01:44:02,204.50,196.00,0
01:44:04,205.25,196.00,0
01:44:06,205.00,196.00,0
01:44:08,203.25,196.00,0
01:44:10,201.00,196.00,0
01:44:12,198.00,196.00,0
01:44:14,194.00,196.00,0
01:44:16,190.50,196.00,1
01:44:18,187.50,196.00,1
01:44:20,184.00,196.00,1
01:44:22,180.00,196.00,1
01:44:24,177.50,196.00,1
01:44:26,174.50,196.00,1
01:44:28,171.75,196.00,1
01:44:30,169.25,196.00,1
01:44:32,166.25,196.00,1
01:44:34,164.25,196.00,1
01:44:36,161.75,196.00,1
01:44:38,159.75,196.00,1
01:44:40,157.75,196.00,1
01:44:42,156.25,196.00,1
01:44:44,153.75,196.00,1
01:44:46,151.75,196.00,1
01:44:48,150.75,196.00,1
01:44:50,149.00,196.00,1
01:44:52,147.00,196.00,1
01:44:54,145.75,196.00,1
01:44:56,143.50,196.00,1
01:44:58,141.75,196.00,1
01:45:00,141.00,196.00,1
01:45:02,139.00,196.00,1
01:45:04,138.00,196.00,1
01:45:06,136.25,196.00,1
01:45:08,135.50,196.00,1
01:45:10,133.75,196.00,1
01:45:12,132.75,196.00,1
01:45:14,131.50,196.00,1
01:45:16,130.00,196.00,1
01:45:18,128.75,196.00,1
01:45:20,127.50,196.00,1
01:45:22,126.50,196.00,1
01:45:24,125.25,196.00,1
01:45:26,124.00,196.00,1
01:45:28,122.75,196.00,1
01:45:30,121.75,196.00,1
01:45:32,120.50,196.00,1
01:45:34,119.50,196.00,1
01:45:36,118.50,196.00,1
01:45:38,117.50,196.00,1
01:45:40,116.25,196.00,1
01:45:42,115.25,196.00,1
01:45:44,113.75,196.00,1
01:45:46,113.00,196.00,1
01:45:48,112.25,196.00,1
01:45:50,110.75,196.00,1
01:45:52,110.00,196.00,1
01:45:54,109.00,196.00,1
01:45:56,107.75,196.00,1
01:45:58,106.25,196.00,1
01:46:00,106.00,196.00,1
01:46:02,105.00,196.00,1
01:46:04,104.00,196.00,1
01:46:06,103.25,196.00,1
01:46:08,102.25,196.00,1
01:46:10,101.50,196.00,1
01:46:12,100.00,196.00,1
01:46:14,99.25,196.00,1
01:46:16,98.75,196.00,1
01:46:18,97.75,196.00,1
01:46:20,96.75,196.00,1
01:46:22,96.00,196.00,1
01:46:24,95.25,196.00,1
01:46:26,94.75,196.00,1
01:46:28,93.50,196.00,1
01:46:30,92.75,196.00,1
01:46:32,92.00,196.00,1
01:46:34,91.00,196.00,1
01:46:36,90.25,196.00,1
01:46:38,89.50,196.00,1
01:46:40,89.00,196.00,1
01:46:42,88.00,196.00,1
01:46:44,87.50,196.00,1
01:46:46,87.25,196.00,1
01:46:48,86.50,196.00,1
01:46:50,85.50,196.00,1
01:46:52,84.75,196.00,1
01:46:54,84.25,196.00,1
01:46:56,83.50,196.00,1
01:46:58,83.00,196.00,1
01:47:00,82.25,196.00,0
01:47:02,81.25,196.00,0
01:47:04,80.75,196.00,0
01:47:06,80.50,196.00,0
01:47:08,79.50,196.00,0
01:47:10,78.75,196.00,0
01:47:12,78.50,196.00,0
01:47:14,78.00,196.00,0
01:47:16,77.25,196.00,0
01:47:18,76.75,196.00,0
01:47:20,75.75,196.00,0
01:47:22,75.50,196.00,0
01:47:24,74.50,196.00,0
01:47:26,74.00,196.00,0
01:47:28,73.75,196.00,0
01:47:30,73.25,196.00,0
01:47:32,72.50,196.00,0
01:47:34,72.00,196.00,0
01:47:36,71.25,196.00,0
01:47:38,71.00,196.00,0
01:47:40,70.00,196.00,0
01:47:42,69.75,196.00,0
01:47:44,69.75,196.00,0
01:47:46,69.25,196.00,0
01:47:48,68.50,196.00,0
01:47:50,68.50,196.00,0
01:47:52,68.00,196.00,0
01:47:54,67.25,196.00,0
01:47:56,66.75,196.00,0
01:47:58,66.25,196.00,0
01:48:00,66.00,196.00,0
01:48:02,65.50,196.00,0
01:48:04,65.00,196.00,0
01:48:06,64.25,196.00,0
01:48:08,64.25,196.00,0
01:48:10,63.50,196.00,0
01:48:12,63.50,196.00,0
01:48:14,63.25,196.00,0
01:48:16,62.25,196.00,0
01:48:18,62.25,196.00,0
01:48:20,62.00,196.00,0
01:48:22,61.75,196.00,0
01:48:24,61.00,196.00,0
01:48:26,60.50,196.00,0
01:48:28,59.25,196.00,0
01:48:30,57.50,196.00,0
01:48:32,56.00,196.00,0
01:48:34,55.75,196.00,0
01:48:36,55.00,196.00,0
01:48:38,54.00,196.00,0
01:48:40,54.00,196.00,0
01:48:42,54.00,196.00,0
01:48:44,53.50,196.00,0
01:48:46,52.75,196.00,0
01:48:48,52.75,196.00,0
01:48:50,52.25,196.00,0
01:48:52,52.50,196.00,0
01:48:54,52.00,196.00,0
01:48:56,52.25,196.00,0
01:48:58,51.50,196.00,0
01:49:00,51.00,196.00,0
01:49:04,51.00,0.00,0
01:49:06,50.25,0.00,0
01:49:08,50.50,0.00,0
01:49:10,50.25,0.00,0
01:49:12,50.00,0.00,0
01:49:14,49.50,0.00,0
01:49:16,49.75,0.00,0
01:49:18,49.25,0.00,0
01:49:20,49.00,196.00,1
01:49:22,48.25,196.00,1
01:49:24,48.50,196.00,1
01:49:26,48.25,196.00,1
01:49:28,48.50,196.00,1
01:49:30,50.25,196.00,1
01:49:32,51.25,196.00,1
01:49:34,52.50,196.00,1
01:49:36,54.25,196.00,1
01:49:38,55.00,196.00,1
01:49:40,57.00,196.00,1
01:49:42,58.25,196.00,1
01:49:44,60.00,196.00,1
01:49:46,61.50,196.00,1
01:49:48,63.00,196.00,1
01:49:50,64.50,196.00,1
01:49:52,65.75,196.00,1
01:49:54,67.75,196.00,1
01:49:56,68.75,196.00,1
01:49:58,70.75,196.00,1
01:50:00,72.25,196.00,1
01:50:02,74.25,196.00,1
01:50:04,76.25,196.00,1
01:50:06,77.75,196.00,1
01:50:08,80.25,196.00,1
01:50:10,82.75,196.00,1
01:50:12,85.25,196.00,1
01:50:14,87.50,196.00,1
01:50:16,90.50,196.00,1
01:50:18,92.25,196.00,1
01:50:20,95.00,196.00,1
01:50:22,96.75,196.00,1
01:50:24,99.75,196.00,1
01:50:26,101.75,196.00,1
01:50:28,103.75,196.00,1
01:50:30,105.50,196.00,1
01:50:32,107.00,196.00,1
01:50:34,108.75,196.00,1
01:50:36,110.25,196.00,1
01:50:38,111.50,196.00,1
01:50:40,113.25,196.00,1
01:50:42,114.25,196.00,1
01:50:44,115.75,196.00,1
01:50:46,116.75,196.00,1
01:50:48,118.50,196.00,1
01:50:50,119.75,196.00,1
01:50:52,121.25,196.00,1
01:50:54,121.75,196.00,1
01:50:56,123.00,196.00,1
01:50:58,124.75,196.00,1
01:51:00,126.25,196.00,1
01:51:02,128.25,196.00,1
01:51:04,130.00,196.00,1
01:51:06,132.00,196.00,1
01:51:08,133.50,196.00,1
01:51:10,135.25,196.00,1
01:51:12,136.50,196.00,1
01:51:14,137.75,196.00,1
01:51:16,138.50,196.00,1
01:51:18,139.00,196.00,1
01:51:20,141.00,196.00,1
01:51:22,142.75,196.00,1
01:51:24,144.25,196.00,1
01:51:26,145.50,196.00,1
01:51:28,146.50,196.00,1
01:51:30,148.25,196.00,1
01:51:32,149.00,196.00,1
01:51:34,149.75,196.00,1
01:51:36,151.00,196.00,1
01:51:38,152.25,196.00,1
01:51:40,153.25,196.00,1
01:51:42,154.50,196.00,1
01:51:44,155.50,196.00,1
01:51:46,156.25,196.00,1
01:51:48,158.00,196.00,1
01:51:50,159.00,196.00,1
01:51:52,160.75,196.00,1
01:51:54,161.75,196.00,1
01:51:56,163.25,196.00,1
01:51:58,164.50,196.00,1
01:52:00,165.75,196.00,1
01:52:02,167.75,196.00,1
01:52:04,169.00,196.00,1
01:52:06,170.75,196.00,1
01:52:08,171.75,196.00,1
01:52:10,173.75,196.00,1
01:52:12,175.00,196.00,1
01:52:14,176.25,196.00,1
01:52:16,178.25,196.00,1
01:52:18,179.50,196.00,1
01:52:20,180.75,196.00,1
01:52:22,182.75,196.00,1
01:52:24,183.75,196.00,1
01:52:26,184.00,196.00,1
01:52:28,185.75,196.00,1
01:52:30,187.00,196.00,1
01:52:32,187.75,196.00,1
01:52:34,188.75,196.00,1
01:52:36,189.50,196.00,1
01:52:38,190.25,196.00,1
01:52:40,191.25,196.00,1
01:52:42,191.75,196.00,1
01:52:44,192.50,196.00,1
01:52:46,193.25,196.00,1
01:52:48,194.00,196.00,1
01:52:50,194.50,196.00,1
01:52:52,195.25,196.00,1
01:52:54,196.00,196.00,1
01:52:56,196.50,196.00,1
01:52:58,197.00,196.00,1
01:53:00,197.50,196.00,1
01:53:02,198.00,196.00,1
01:53:04,198.00,196.00,1
01:53:06,199.25,196.00,0
01:53:08,199.50,196.00,0
01:53:10,199.25,196.00,0
01:53:12,199.50,196.00,0
01:53:14,199.75,196.00,0
01:53:16,199.75,196.00,0
01:53:18,200.00,196.00,0
01:53:20,199.25,196.00,0
01:53:22,198.25,196.00,0
01:53:24,197.50,196.00,0
01:53:26,196.75,196.00,0
01:53:28,196.75,196.00,0
01:53:30,197.25,196.00,0
01:53:32,197.25,196.00,0
01:53:34,197.25,196.00,0
01:53:36,195.50,196.00,0
01:53:38,193.50,196.00,1
01:53:40,191.00,196.00,1
01:53:42,187.50,196.00,1
01:53:44,186.00,196.00,1
01:53:46,185.00,196.00,1
01:53:48,185.00,196.00,1
01:53:50,186.25,196.00,1
01:53:52,188.00,196.00,1
01:53:54,189.00,196.00,1
01:53:56,191.50,196.00,1
01:53:58,194.50,196.00,1
01:54:00,199.00,196.00,0
01:54:02,203.00,196.00,0
01:54:04,206.75,196.00,0
01:54:06,210.25,196.00,0
01:54:08,213.75,196.00,0
01:54:10,216.25,196.00,0
01:54:12,218.75,196.00,0
01:54:14,220.25,196.00,0
01:54:16,222.00,196.00,0
01:54:18,223.50,196.00,0
01:54:20,224.00,196.00,0
01:54:22,225.00,196.00,0
01:54:24,224.25,196.00,0
01:54:26,222.00,196.00,0
01:54:28,218.75,196.00,0
01:54:30,214.50,196.00,0
01:54:32,209.25,196.00,0
01:54:34,204.75,196.00,0
01:54:36,200.50,196.00,0
01:54:38,196.00,196.00,0
01:54:40,192.75,196.00,1
01:54:42,188.75,196.00,1
01:54:44,184.75,196.00,1
01:54:46,181.75,196.00,1
01:54:48,179.00,196.00,1
01:54:50,176.25,196.00,1
01:54:52,173.25,196.00,1
01:54:54,170.75,196.00,1
01:54:56,167.75,196.00,1
01:54:58,166.00,196.00,1
01:55:00,163.75,196.00,1
01:55:02,162.00,196.00,1
01:55:04,160.25,196.00,1
01:55:06,158.00,196.00,1
01:55:08,156.00,196.00,1
01:55:10,154.50,196.00,1
01:55:12,152.50,196.00,1
01:55:14,151.00,196.00,1
01:55:16,149.50,196.00,1
01:55:18,147.50,196.00,1
01:55:20,146.00,196.00,1
01:55:22,144.75,196.00,1
01:55:24,143.50,196.00,1
01:55:26,141.75,196.00,1
01:55:28,140.25,196.00,1
01:55:30,139.00,196.00,1
01:55:32,137.50,196.00,1
01:55:34,135.75,196.00,1
01:55:36,134.50,196.00,1
01:55:38,133.25,196.00,1
01:55:40,132.50,196.00,1
01:55:42,131.00,196.00,1
01:55:44,129.75,196.00,1
01:55:46,128.75,196.00,1
01:55:48,127.75,196.00,1
01:55:50,126.00,196.00,1
01:55:52,125.25,196.00,1
01:55:54,124.00,196.00,1
01:55:56,123.00,196.00,1
01:55:58,121.75,196.00,1
01:56:00,120.50,196.00,1
01:56:02,119.75,196.00,1
01:56:04,118.00,196.00,1
01:56:06,117.00,196.00,1
01:56:08,116.25,196.00,1
01:56:10,114.75,196.00,1
01:56:12,114.25,196.00,1
01:56:14,113.25,196.00,1
01:56:16,112.25,196.00,1
01:56:18,110.75,196.00,1
01:56:20,110.25,196.00,1
01:56:22,109.50,196.00,1
01:56:24,108.50,196.00,1
01:56:26,107.50,196.00,1
01:56:28,106.00,196.00,1
01:56:30,105.25,196.00,1
01:56:32,104.50,196.00,1
01:56:34,104.00,196.00,1
01:56:36,102.75,196.00,1
01:56:38,102.00,196.00,1
01:56:40,101.25,196.00,1
01:56:42,100.50,196.00,1
01:56:44,99.25,196.00,1
01:56:46,98.00,196.00,1
01:56:48,98.00,196.00,1
01:56:50,97.00,196.00,1
01:56:52,96.25,196.00,1
01:56:54,95.25,196.00,1
01:56:56,94.75,196.00,1
01:56:58,94.00,196.00,1
01:57:00,92.75,196.00,1
01:57:02,92.25,196.00,1
01:57:04,91.50,196.00,1
01:57:06,91.25,196.00,1
01:57:08,90.50,196.00,1
01:57:10,89.25,196.00,1
01:57:12,89.25,196.00,1
01:57:14,88.25,196.00,1
01:57:16,87.25,196.00,1
01:57:18,86.50,196.00,1
01:57:20,86.00,196.00,1
01:57:22,85.75,196.00,1
01:57:24,84.75,196.00,1
01:57:26,84.50,196.00,1
01:57:28,83.75,196.00,1
01:57:30,83.00,196.00,1
01:57:32,82.25,196.00,1
01:57:34,81.50,196.00,1
01:57:36,80.75,196.00,1
01:57:38,80.00,196.00,0
01:57:40,79.25,196.00,0
01:57:42,78.50,196.00,0
01:57:44,78.25,196.00,0
01:57:46,78.00,196.00,0
01:57:48,76.50,196.00,0
01:57:50,76.75,196.00,0
01:57:52,75.75,196.00,0
01:57:54,75.50,196.00,0
01:57:56,75.25,196.00,0
01:57:58,74.00,196.00,0
01:58:00,74.00,196.00,0
01:58:02,73.50,196.00,0
01:58:04,72.75,196.00,0
01:58:06,72.50,196.00,0
01:58:08,72.00,196.00,0
01:58:10,71.50,196.00,0
01:58:12,71.25,196.00,0
01:58:14,70.50,196.00,0
01:58:16,70.00,196.00,0
01:58:18,69.50,196.00,0
01:58:20,69.25,196.00,0
01:58:22,68.75,196.00,0
01:58:24,68.25,196.00,0
01:58:26,68.00,196.00,0
01:58:28,67.50,196.00,0
01:58:30,67.00,196.00,0
01:58:32,66.25,196.00,0
01:58:34,66.25,196.00,0
01:58:36,65.75,196.00,0
01:58:38,65.00,196.00,0
01:58:40,65.25,196.00,0
01:58:42,64.75,196.00,0
01:58:44,64.25,196.00,0
01:58:46,63.75,196.00,0
01:58:48,63.75,196.00,0
01:58:50,63.25,196.00,0
01:58:52,63.00,196.00,0
01:58:54,62.25,196.00,0
01:58:56,62.50,196.00,0
01:58:58,61.50,196.00,0
01:59:00,61.50,196.00,0
01:59:02,60.50,196.00,0
01:59:04,60.25,196.00,0
01:59:06,60.25,196.00,0
01:59:08,60.25,196.00,0
01:59:10,59.50,196.00,0
01:59:12,59.50,196.00,0
01:59:14,59.00,196.00,0
01:59:16,58.75,196.00,0
01:59:18,58.25,196.00,0
01:59:20,58.00,196.00,0
01:59:22,57.75,196.00,0
01:59:24,57.50,196.00,0
01:59:26,56.75,196.00,0
01:59:28,56.75,196.00,0
01:59:30,56.50,196.00,0
01:59:32,55.75,196.00,0
01:59:34,55.75,196.00,0
01:59:36,55.75,196.00,0
01:59:38,55.75,196.00,0
01:59:40,55.25,196.00,0
01:59:42,54.50,196.00,0
01:59:44,54.50,196.00,0
01:59:46,53.75,196.00,0
01:59:48,53.50,196.00,0
01:59:50,53.75,196.00,0
01:59:52,53.50,196.00,0
01:59:54,53.25,196.00,0
01:59:56,53.00,196.00,0
01:59:58,52.75,196.00,0
02:00:00,52.25,196.00,0
02:00:02,52.00,196.00,0
02:00:04,51.75,196.00,0
02:00:06,51.75,196.00,0
02:00:08,51.50,196.00,0
02:00:10,51.25,196.00,0
02:00:12,51.00,196.00,0
02:00:14,50.50,196.00,0
02:00:16,50.50,196.00,0
02:00:18,50.25,196.00,0
02:00:20,50.00,196.00,0
02:00:22,49.50,196.00,0
02:00:24,49.50,196.00,0
02:00:26,49.25,196.00,0
02:00:28,48.75,196.00,0
02:00:30,48.75,196.00,0
02:00:32,48.75,196.00,0
02:00:34,48.50,196.00,0
02:00:36,48.25,196.00,0
02:00:38,47.50,196.00,0
02:00:40,47.25,196.00,0
02:00:42,47.75,196.00,0
02:00:44,47.25,196.00,0
02:00:46,46.75,196.00,0
02:00:48,46.75,196.00,0
02:00:50,46.75,196.00,0
02:00:52,46.00,196.00,0
02:00:54,46.25,196.00,0
02:00:56,46.25,196.00,0
02:00:58,45.75,196.00,0
02:01:00,45.75,196.00,0
02:01:02,45.00,196.00,0
02:01:04,45.00,196.00,0
02:01:06,44.75,196.00,0
02:01:08,44.75,196.00,0
02:01:10,44.75,196.00,0
02:01:12,44.25,196.00,0
02:01:14,44.25,196.00,0
02:01:16,44.25,196.00,0
02:01:18,44.00,196.00,0
02:01:20,43.50,196.00,0
02:01:22,43.75,196.00,0
02:01:24,43.25,196.00,0
02:01:26,43.50,196.00,0
02:01:28,43.00,196.00,0
02:01:30,42.50,196.00,0
02:01:32,42.75,196.00,0
02:01:34,42.50,196.00,0
02:01:36,42.25,196.00,0
02:01:38,42.50,196.00,0
02:01:40,42.00,196.00,0
02:01:42,42.00,196.00,0
02:01:44,42.25,196.00,0
02:01:46,41.75,196.00,0
02:01:48,41.25,196.00,0
02:01:50,41.75,196.00,0
02:01:52,41.25,196.00,0
02:01:54,41.00,196.00,0
02:01:56,40.75,196.00,0
02:01:58,41.25,196.00,0
02:02:00,40.25,196.00,0
02:02:02,40.50,196.00,0
02:02:04,40.00,196.00,0
02:02:06,40.25,196.00,0
02:02:08,39.75,196.00,0
02:02:10,40.00,196.00,0
02:02:12,40.25,196.00,0
02:02:14,39.75,196.00,0
02:02:16,40.00,196.00,0
02:02:18,39.00,196.00,0
02:02:20,39.50,196.00,0
02:02:22,39.00,196.00,0
02:02:24,39.50,196.00,0
02:02:26,38.75,196.00,0
02:02:28,38.75,196.00,0
02:02:30,38.25,196.00,0
02:02:32,38.50,196.00,0
02:02:34,38.25,196.00,0
02:02:36,38.00,196.00,0
02:02:38,38.25,196.00,0
02:02:40,38.25,196.00,0
02:02:42,38.00,196.00,0
02:02:44,38.00,196.00,0
02:02:46,37.75,196.00,0
02:02:48,37.25,196.00,0
02:02:50,37.50,196.00,0
02:02:52,37.25,196.00,0
02:02:54,37.25,196.00,0
02:02:56,37.00,196.00,0
02:02:58,37.25,196.00,0
02:03:00,37.00,196.00,0
02:03:02,37.00,196.00,0
02:03:04,36.50,196.00,0
02:03:06,36.75,196.00,0
02:03:08,36.75,196.00,0
02:03:10,36.75,196.00,0
02:03:12,36.00,196.00,0
02:03:14,36.50,196.00,0
02:03:16,36.25,196.00,0
02:03:18,36.25,196.00,0
02:03:20,36.00,196.00,0
02:03:22,35.75,196.00,0
02:03:24,36.00,196.00,0
02:03:26,36.00,196.00,0
02:03:28,35.50,196.00,0
02:03:30,35.50,196.00,0
02:03:32,35.00,196.00,0
02:03:34,35.75,196.00,0
02:03:36,35.50,196.00,0
02:03:38,35.25,196.00,0
02:03:40,35.00,196.00,0
02:03:42,35.25,196.00,0
02:03:44,35.00,196.00,0
02:03:46,35.00,196.00,0
02:03:48,34.50,196.00,0
02:03:50,34.25,196.00,0
02:03:52,34.75,196.00,0
02:03:54,34.50,196.00,0
02:03:56,34.50,196.00,0
02:03:58,34.50,196.00,0
02:04:00,34.00,196.00,0
02:04:02,34.25,196.00,0
02:04:04,34.25,196.00,0
02:04:06,34.00,196.00,0
02:04:08,34.00,196.00,0
02:04:10,33.75,196.00,0
02:04:12,34.00,196.00,0
02:04:14,33.25,196.00,0
02:04:16,33.75,196.00,0
02:04:18,33.50,196.00,0
02:04:20,33.25,196.00,0
02:04:22,33.50,196.00,0
02:04:24,33.25,196.00,0
02:04:26,33.00,196.00,0
02:04:28,32.75,196.00,0
02:04:30,33.50,196.00,0
02:04:32,32.75,196.00,0
02:04:34,33.25,196.00,0
02:04:36,33.00,196.00,0
02:04:38,32.50,196.00,0
02:04:40,32.75,196.00,0
02:04:42,32.75,196.00,0
02:04:44,32.50,196.00,0
02:04:46,32.75,196.00,0
02:04:48,32.50,196.00,0
02:04:50,32.50,196.00,0
02:04:52,32.50,196.00,0
02:04:54,32.00,196.00,0
02:04:56,32.25,196.00,0
02:04:58,32.25,196.00,0
02:05:00,32.25,196.00,0
02:05:02,32.50,196.00,0
02:05:04,32.00,196.00,0
02:05:06,31.75,196.00,0
02:05:08,31.75,196.00,0
02:05:10,32.00,196.00,0
02:05:12,31.75,196.00,0
02:05:14,31.75,196.00,0
02:05:16,31.75,196.00,0
02:05:18,31.00,196.00,0
02:05:20,31.50,196.00,0
02:05:22,31.25,196.00,0
02:05:24,31.50,196.00,0
02:05:26,31.50,196.00,0
02:05:28,30.75,196.00,0
02:05:30,31.50,196.00,0
02:05:32,31.25,196.00,0
02:05:34,31.50,196.00,0
02:05:36,31.00,196.00,0
02:05:38,31.00,196.00,0
02:05:40,31.50,196.00,0
02:05:42,31.00,196.00,0
02:05:44,31.25,196.00,0
02:05:46,31.00,196.00,0
02:05:48,31.00,196.00,0
02:05:50,30.75,196.00,0
02:05:52,31.00,196.00,0
02:05:54,30.25,196.00,0
02:05:56,30.75,196.00,0
02:05:58,30.50,196.00,0
02:06:00,30.75,196.00,0
02:06:02,30.75,196.00,0
02:06:04,30.75,196.00,0
02:06:06,30.25,196.00,0
02:06:08,30.50,196.00,0
02:06:10,30.25,196.00,0
02:06:12,30.50,196.00,0
02:06:14,30.50,196.00,0
02:06:16,30.25,196.00,0
02:06:18,30.00,196.00,0
02:06:20,30.50,196.00,0
02:06:22,30.00,196.00,0
02:06:24,30.25,196.00,0
02:06:26,30.00,196.00,0
02:06:28,30.00,196.00,0
02:06:30,30.25,196.00,0
02:06:32,30.50,196.00,0
02:06:34,29.75,196.00,0
02:06:36,30.00,196.00,0
02:06:38,30.25,196.00,0
02:06:40,30.00,196.00,0
02:06:42,29.75,196.00,0
02:06:44,30.25,196.00,0
02:06:53,29.75,0.00,0
02:06:55,30.25,0.00,0
02:06:57,30.00,0.00,0
02:06:59,30.00,0.00,0
02:07:01,30.00,0.00,0
02:07:03,29.25,0.00,0
02:07:05,30.00,0.00,0
02:07:07,30.00,0.00,0
02:07:09,29.25,100.00,1
02:07:11,29.75,100.00,1
02:07:13,29.25,100.00,1
02:07:15,29.00,100.00,1
02:07:17,30.00,100.00,1
02:07:19,33.25,100.00,1
02:07:21,39.50,100.00,1
02:07:23,49.75,100.00,1
02:07:25,60.75,100.00,1
02:07:27,72.00,100.00,1
02:07:29,82.75,100.00,1
02:07:31,93.00,100.00,1
02:07:33,103.00,100.00,0
02:07:35,111.50,100.00,0
02:07:37,120.00,100.00,0
02:07:39,127.25,100.00,0
02:07:41,134.75,100.00,0
02:07:43,140.50,100.00,0
02:07:45,147.00,100.00,0
02:07:47,152.25,100.00,0
02:07:49,158.25,100.00,0
02:07:51,163.25,100.00,0
02:07:53,165.75,100.00,0
02:07:55,164.25,100.00,0
02:07:57,161.25,100.00,0
02:07:59,156.25,100.00,0
02:08:01,150.50,100.00,0
02:08:03,144.25,100.00,0
02:08:05,139.25,100.00,0
02:08:07,134.50,100.00,0
02:08:09,129.50,100.00,0
02:08:11,125.50,100.00,0
02:08:13,122.00,100.00,0
02:08:15,118.75,100.00,0
02:08:17,116.00,100.00,0
02:08:19,113.50,100.00,0
02:08:21,111.25,100.00,0
02:08:23,109.25,100.00,0
02:08:25,107.50,100.00,0
02:08:27,106.00,100.00,0
02:08:29,104.00,100.00,0
02:08:31,102.75,100.00,0
02:08:33,102.00,100.00,0
02:08:35,100.75,100.00,0
02:08:37,99.75,100.00,0
02:08:39,98.50,100.00,0
02:08:41,97.50,100.00,1
02:08:43,96.75,100.00,1
02:08:45,96.25,100.00,1
02:08:47,95.25,100.00,1
02:08:49,94.25,100.00,1
02:08:51,93.50,100.00,1
02:08:53,92.75,100.00,1
02:08:55,92.00,100.00,1
02:08:57,91.00,100.00,1
02:08:59,90.50,100.00,1
02:09:01,89.50,100.00,1
02:09:03,89.00,100.00,1
02:09:05,88.50,100.00,1
02:09:07,87.50,100.00,1
02:09:09,86.50,100.00,1
02:09:11,86.50,100.00,1
02:09:13,85.75,100.00,1
02:09:15,84.50,100.00,1
02:09:17,84.25,100.00,1
02:09:19,83.75,100.00,1
02:09:21,83.25,100.00,1
02:09:23,82.75,100.00,1
02:09:25,82.50,100.00,1
02:09:27,81.00,100.00,1
02:09:29,80.75,100.00,1
02:09:31,80.50,100.00,1
02:09:33,79.50,100.00,1
02:09:35,79.25,100.00,1
02:09:37,78.75,100.00,1
02:09:39,78.25,100.00,1
02:09:41,77.50,100.00,1
02:09:43,76.75,100.00,1
02:09:45,76.25,100.00,1
02:09:47,76.00,100.00,1
02:09:49,75.00,100.00,1
02:09:51,75.00,100.00,1
02:09:53,74.50,100.00,1
02:09:55,73.75,100.00,1
02:09:57,73.50,100.00,1
02:09:59,72.75,100.00,1
02:10:01,72.25,100.00,1
02:10:03,71.75,100.00,1
02:10:05,70.75,100.00,1
02:10:07,70.75,100.00,1
02:10:09,70.00,100.00,1
02:10:11,70.00,100.00,1
02:10:13,69.75,100.00,1
02:10:15,69.25,100.00,1
02:10:17,68.75,100.00,1
02:10:19,68.25,100.00,1
02:10:21,67.75,100.00,1
02:10:23,67.25,100.00,1
02:10:25,67.25,100.00,1
02:10:27,66.00,100.00,1
02:10:29,66.25,100.00,1
02:10:31,66.00,100.00,1
02:10:33,65.50,100.00,1
02:10:35,65.50,100.00,1
02:10:37,65.00,100.00,1
02:10:39,64.25,100.00,1
02:10:41,63.75,100.00,1
02:10:43,63.00,100.00,1
02:10:45,63.25,100.00,1
02:10:47,62.25,100.00,1
02:10:49,61.75,100.00,1
02:10:51,61.75,100.00,1
02:10:53,61.00,100.00,1
02:10:55,60.75,100.00,1
02:10:57,61.00,100.00,1
02:10:59,59.50,100.00,1
02:11:01,59.25,100.00,1
02:11:03,59.75,100.00,1
02:11:05,59.25,100.00,1
02:11:07,58.75,100.00,1
02:11:09,58.50,100.00,0
02:11:11,58.50,100.00,0
02:11:13,58.00,100.00,0
02:11:15,57.75,100.00,0
02:11:17,57.50,100.00,0
02:11:19,57.00,100.00,0
02:11:21,56.75,100.00,0
02:11:23,56.50,100.00,0
02:11:25,56.00,100.00,0
02:11:27,56.00,100.00,0
02:11:29,55.75,100.00,0
02:11:31,55.50,100.00,0
02:11:33,55.00,100.00,0
02:11:35,54.25,100.00,0
02:11:37,54.50,100.00,0
02:11:39,54.50,100.00,0
02:11:41,53.75,100.00,0
02:11:43,53.75,100.00,1
02:11:45,53.25,100.00,1
02:11:47,53.25,100.00,1
02:11:49,52.50,100.00,1
02:11:51,52.75,100.00,1
02:11:53,52.00,100.00,1
02:11:55,52.25,100.00,1
02:11:57,52.50,100.00,1
02:11:59,55.50,100.00,1
02:12:01,62.50,100.00,1
02:12:03,70.75,100.00,1
02:12:05,81.00,100.00,1
02:12:07,90.75,100.00,1
02:12:09,100.75,100.00,1
02:12:11,110.50,100.00,0
02:12:13,119.00,100.00,0
02:12:15,126.25,100.00,0
02:12:17,132.00,100.00,0
02:12:19,133.50,100.00,0
02:12:21,131.75,100.00,0
02:12:23,129.75,100.00,0
02:12:25,126.50,100.00,0
02:12:27,123.25,100.00,0
02:12:29,119.25,100.00,0
02:12:31,114.75,100.00,0
02:12:33,107.75,100.00,0
02:12:35,100.00,100.00,0
02:12:37,93.75,100.00,1
02:12:39,88.75,100.00,1
02:12:41,85.25,100.00,1
02:12:43,83.75,100.00,1
02:12:45,84.25,100.00,1
02:12:47,86.50,100.00,1
02:12:49,90.50,100.00,1
02:12:51,95.50,100.00,1
02:12:53,101.00,100.00,1
02:12:55,107.25,100.00,0
02:12:57,113.50,100.00,0
02:12:59,117.00,100.00,0
02:13:01,118.50,100.00,0
02:13:03,117.50,100.00,0
02:13:05,114.00,100.00,0
02:13:07,109.00,100.00,0
02:13:09,103.75,100.00,0
02:13:11,99.25,100.00,0
02:13:13,95.00,100.00,1
02:13:15,91.50,100.00,1
02:13:17,88.75,100.00,1
02:13:19,86.25,100.00,1
02:13:21,85.00,100.00,1
02:13:23,87.00,100.00,1
02:13:25,91.75,100.00,1
02:13:27,98.25,100.00,1
02:13:29,106.50,100.00,0
02:13:31,114.50,100.00,0
02:13:33,122.00,100.00,0
02:13:35,128.75,100.00,0
02:13:37,133.50,100.00,0
02:13:39,135.25,100.00,0
02:13:41,134.50,100.00,0
02:13:43,132.50,100.00,0
02:13:45,129.50,100.00,0
02:13:47,125.75,100.00,0
02:13:49,122.75,100.00,0
02:13:51,119.00,100.00,0
02:13:53,115.75,100.00,0
02:13:55,112.25,100.00,0
02:13:57,109.25,100.00,0
02:13:59,107.00,100.00,0
02:14:01,104.50,100.00,0
02:14:03,102.00,100.00,0
02:14:05,100.50,100.00,0
02:14:07,98.25,100.00,0
02:14:09,96.75,100.00,1
02:14:11,95.00,100.00,1
02:14:13,93.50,100.00,1
02:14:15,92.25,100.00,1
02:14:17,91.25,100.00,1
02:14:19,89.50,100.00,1
02:14:21,88.75,100.00,1
02:14:23,87.50,100.00,1
02:14:25,86.50,100.00,1
02:14:27,85.50,100.00,1
02:14:29,85.25,100.00,1
02:14:31,84.00,100.00,1
02:14:33,83.50,100.00,1
02:14:35,82.50,100.00,1
02:14:37,81.75,100.00,1
02:14:39,80.75,100.00,1
02:14:41,80.00,100.00,1
02:14:43,79.50,100.00,1
02:14:45,78.50,100.00,1
02:14:47,78.00,100.00,1
02:14:49,77.25,100.00,1
02:14:51,77.00,100.00,1
02:14:53,76.00,100.00,1
02:14:55,75.50,100.00,1
02:14:57,74.25,100.00,1
02:14:59,74.50,100.00,1
02:15:01,73.75,100.00,1
02:15:03,72.75,100.00,1
02:15:05,72.50,100.00,1
02:15:07,72.00,100.00,1
02:15:09,71.25,100.00,1
02:15:11,70.75,100.00,1
02:15:13,70.50,100.00,1
02:15:15,69.75,100.00,1
02:15:17,69.25,100.00,1
02:15:19,68.75,100.00,1
02:15:21,68.25,100.00,1
02:15:23,67.50,100.00,1
02:15:25,67.25,100.00,1
02:15:27,66.75,100.00,1
02:15:29,66.50,100.00,1
02:15:31,65.50,100.00,1
02:15:33,65.50,100.00,1
02:15:35,65.25,100.00,1
02:15:37,64.75,100.00,1
02:15:39,63.75,100.00,1
02:15:41,63.50,100.00,1
02:15:43,62.75,100.00,0
02:15:45,62.00,100.00,0
02:15:47,62.50,100.00,0
02:15:49,62.25,100.00,0
02:15:51,61.75,100.00,0
02:15:53,61.25,100.00,0
02:15:55,60.75,100.00,0
02:15:57,60.00,100.00,0
02:15:59,60.00,100.00,0
02:16:01,59.75,100.00,0
02:16:03,59.00,100.00,0
02:16:05,59.00,100.00,0
02:16:07,58.25,100.00,0
02:16:09,58.50,100.00,0
02:16:11,57.75,100.00,0
02:16:13,57.25,100.00,0
02:16:15,57.50,100.00,0
02:16:17,56.75,100.00,0
02:16:19,56.50,100.00,0
02:16:21,55.75,100.00,0
02:16:23,55.75,100.00,0
02:16:25,55.50,100.00,0
02:16:27,55.25,100.00,0
02:16:29,54.50,100.00,0
02:16:31,54.25,100.00,0
02:16:33,53.75,100.00,0
02:16:35,53.75,100.00,0
02:16:37,53.75,100.00,0
02:16:39,53.00,100.00,0
02:16:41,52.50,100.00,0
02:16:43,52.50,100.00,0
02:16:45,51.75,100.00,0
02:16:47,52.00,100.00,0
02:16:49,52.00,100.00,0
02:16:51,51.50,100.00,0
02:16:53,51.00,100.00,0
02:16:55,50.50,100.00,0
02:16:57,50.75,100.00,0
02:16:59,50.50,100.00,0
02:17:01,50.50,100.00,0
02:17:03,50.25,100.00,0
02:17:05,49.75,100.00,0
02:17:07,49.25,100.00,0
02:17:09,49.00,100.00,0
02:17:11,49.00,100.00,0
02:17:13,48.75,100.00,0
02:17:15,48.25,100.00,0
02:17:17,47.25,100.00,0
02:17:19,47.00,100.00,0
02:17:21,46.75,100.00,0
02:17:23,46.00,100.00,0
02:17:25,45.25,100.00,0
02:17:27,45.00,100.00,0
02:17:29,45.50,100.00,0
02:17:31,44.50,100.00,0
02:17:33,45.25,100.00,0
02:17:35,44.50,100.00,0
02:17:37,44.50,100.00,0
02:17:39,44.50,100.00,0
02:17:41,44.25,100.00,0
02:17:43,43.25,100.00,0
02:17:45,43.75,100.00,0
02:17:47,43.25,100.00,0
02:17:49,43.50,100.00,0
02:17:51,43.50,100.00,0
02:17:53,43.00,100.00,0
02:17:55,43.00,100.00,0
02:17:57,42.75,100.00,0
02:17:59,42.25,100.00,0
02:18:01,41.75,100.00,0
02:18:03,41.75,100.00,0
02:18:05,41.50,100.00,0
02:18:07,41.75,100.00,0
02:18:09,41.50,100.00,0
02:18:11,41.25,100.00,0
02:18:13,41.00,100.00,0
02:18:15,41.25,100.00,0
02:18:17,41.00,100.00,0
02:18:19,40.75,100.00,0
02:18:21,40.50,100.00,0
02:18:23,40.50,100.00,0
02:18:25,40.50,100.00,0
02:18:27,40.50,100.00,0
02:18:29,39.50,100.00,0
02:18:31,39.50,100.00,0
02:18:33,39.50,100.00,0
02:18:35,39.50,100.00,0
02:18:37,39.75,100.00,0
02:18:39,40.00,100.00,0
02:18:41,41.75,100.00,0
02:18:43,42.00,100.00,0
02:18:45,42.75,100.00,0
02:18:47,43.00,100.00,0
02:18:49,43.25,100.00,0
02:18:51,44.75,100.00,0
02:18:53,46.50,100.00,0
02:18:55,49.75,100.00,0
02:18:57,53.00,100.00,0
02:18:59,56.00,100.00,0
02:19:01,60.00,100.00,0
02:19:03,64.00,100.00,0
02:19:05,67.50,100.00,0
02:19:07,71.25,100.00,0
02:19:09,75.00,100.00,0
02:19:11,79.25,100.00,0
02:19:13,82.50,100.00,0
02:19:15,86.00,100.00,0
02:19:17,88.00,100.00,0
02:19:19,87.75,100.00,1
02:19:21,87.50,100.00,1
02:19:23,85.75,100.00,1
02:19:25,84.25,100.00,1
02:19:27,84.50,100.00,1
02:19:29,85.50,100.00,1
02:19:31,87.25,100.00,1
02:19:33,89.25,100.00,1
02:19:35,91.00,100.00,1
02:19:37,93.50,100.00,1
02:19:39,95.50,100.00,1
02:19:41,97.25,100.00,1
02:19:43,99.25,100.00,1
02:19:45,100.00,100.00,1
02:19:47,102.00,100.00,1
02:19:49,103.00,100.00,0
02:19:51,104.75,100.00,0
02:19:53,106.50,100.00,0
02:19:55,108.00,100.00,0
02:19:57,109.75,100.00,0
02:19:59,110.50,100.00,0
02:20:01,112.50,100.00,0
02:20:03,113.25,100.00,0
02:20:05,113.75,100.00,0
02:20:07,113.00,100.00,0
02:20:09,109.75,100.00,0
02:20:11,103.50,100.00,0
02:20:13,98.25,100.00,0
02:20:15,93.00,100.00,1
02:20:17,89.25,100.00,1
02:20:19,86.00,100.00,1
02:20:21,83.25,100.00,1
02:20:23,80.25,100.00,1
02:20:25,78.25,100.00,1
02:20:27,77.50,100.00,1
02:20:29,76.25,100.00,1
02:20:31,77.00,100.00,1
02:20:33,78.50,100.00,1
02:20:35,80.25,100.00,1
02:20:37,83.50,100.00,1
02:20:39,87.50,100.00,1
02:20:41,91.75,100.00,1
02:20:43,97.75,100.00,1
02:20:45,102.25,100.00,0
02:20:47,106.00,100.00,0
02:20:49,110.50,100.00,0
02:20:51,114.75,100.00,0
02:20:53,119.00,100.00,0
02:20:55,123.25,100.00,0
02:20:57,127.50,100.00,0
02:20:59,130.00,100.00,0
02:21:01,129.50,100.00,0
02:21:03,128.00,100.00,0
02:21:05,125.75,100.00,0
02:21:07,122.75,100.00,0
02:21:09,119.25,100.00,0
02:21:11,116.75,100.00,0
02:21:13,113.75,100.00,0
02:21:15,111.75,100.00,0
02:21:17,109.00,100.00,0
02:21:19,106.50,100.00,0
02:21:21,104.75,100.00,0
02:21:23,102.50,100.00,0
02:21:25,98.00,100.00,0
02:21:27,94.00,100.00,1
02:21:29,89.00,100.00,1
02:21:31,85.25,100.00,1
02:21:33,82.00,100.00,1
02:21:35,79.25,100.00,1
02:21:37,76.50,100.00,1
02:21:39,75.00,100.00,1
02:21:41,74.25,100.00,1
02:21:43,73.50,100.00,1
02:21:45,72.75,100.00,1
02:21:47,72.75,100.00,1
02:21:49,73.00,100.00,1
02:21:51,74.50,100.00,1
02:21:53,76.00,100.00,1
02:21:55,78.00,100.00,1
02:21:57,80.25,100.00,1
02:21:59,81.75,100.00,1
02:22:01,84.25,100.00,1
02:22:03,86.00,100.00,1
02:22:05,87.25,100.00,1
02:22:07,89.00,100.00,1
02:22:09,90.00,100.00,1
02:22:11,92.00,100.00,1
02:22:13,93.00,100.00,1
02:22:15,93.75,100.00,1
02:22:17,94.25,100.00,1
02:22:19,95.75,100.00,1
02:22:21,96.50,100.00,1
02:22:23,97.25,100.00,1
02:22:25,97.50,100.00,1
02:22:27,99.25,100.00,1
02:22:29,99.75,100.00,1
02:22:31,101.25,100.00,1
02:22:33,102.75,100.00,0
02:22:35,104.50,100.00,0
02:22:37,106.00,100.00,0
02:22:39,107.75,100.00,0
02:22:41,108.25,100.00,0
02:22:43,107.75,100.00,0
02:22:45,106.00,100.00,0
02:22:47,103.75,100.00,0
02:22:49,101.75,100.00,0
02:22:51,99.25,100.00,0
02:22:53,97.50,100.00,1
02:22:55,95.75,100.00,1
02:22:57,94.00,100.00,1
02:22:59,92.75,100.00,1
02:23:01,91.25,100.00,1
02:23:03,90.00,100.00,1
02:23:05,89.00,100.00,1
02:23:07,87.75,100.00,1
02:23:09,87.00,100.00,1
02:23:11,85.50,100.00,1
02:23:13,84.50,100.00,1
02:23:15,83.50,100.00,1
02:23:17,83.00,100.00,1
02:23:19,81.75,100.00,0
02:23:21,81.00,100.00,0
02:23:23,80.00,100.00,0
02:23:25,79.50,100.00,0
02:23:27,78.50,100.00,0
02:23:29,78.00,100.00,0
02:23:31,77.25,100.00,0
02:23:33,76.50,100.00,0
02:23:35,76.00,100.00,0
02:23:37,75.50,100.00,0
02:23:39,74.50,100.00,0
02:23:41,73.50,100.00,0
02:23:43,73.00,100.00,0
02:23:45,73.00,100.00,0
02:23:47,72.25,100.00,0
02:23:49,71.75,100.00,0
02:23:51,71.00,100.00,0
02:23:53,70.50,100.00,0
02:23:55,70.00,100.00,0
02:23:57,69.50,100.00,0
02:23:59,68.75,100.00,0
02:24:01,68.50,100.00,0
02:24:03,67.75,100.00,0
02:24:05,67.50,100.00,0
02:24:07,66.50,100.00,0
02:24:09,65.75,100.00,0
02:24:11,65.50,100.00,0
02:24:13,65.50,100.00,0
02:24:15,64.00,100.00,0
02:24:17,63.75,100.00,0
02:24:19,63.75,100.00,0
02:24:21,63.00,100.00,0
02:24:23,62.50,100.00,0
02:24:25,62.00,100.00,0
02:24:27,61.50,100.00,0
02:24:29,61.00,100.00,0
02:24:31,60.50,100.00,0
02:24:33,60.50,100.00,0
02:24:35,59.50,100.00,0
02:24:37,59.50,100.00,0
02:24:39,59.00,100.00,0
02:24:41,58.75,100.00,0
02:24:43,58.25,100.00,0
02:24:45,58.00,100.00,0
02:24:47,57.25,100.00,0
02:24:49,56.50,100.00,0
02:24:51,56.25,100.00,0
02:24:53,56.25,100.00,0
02:24:55,56.00,100.00,0
02:24:57,55.25,100.00,0
02:24:59,55.25,100.00,0
02:25:01,55.00,100.00,0
02:25:03,54.25,100.00,0
02:25:05,53.25,100.00,0
02:25:07,53.75,100.00,0
02:25:09,53.50,100.00,0
02:25:11,53.25,100.00,0
02:25:13,53.00,100.00,0
02:25:15,52.50,100.00,0
02:25:17,52.25,100.00,0
02:25:19,51.75,100.00,0
02:25:21,51.00,100.00,0
02:25:23,51.00,100.00,0
02:25:25,51.00,100.00,0
02:25:27,49.75,100.00,0
02:25:29,50.00,100.00,0
02:25:31,49.75,100.00,0
02:25:33,49.50,100.00,0
02:25:35,49.25,100.00,0
02:25:37,49.00,100.00,0
02:25:39,48.75,100.00,0
02:25:41,48.75,100.00,0
02:25:43,48.25,100.00,0
02:25:45,47.50,100.00,0
02:25:47,47.75,100.00,0
02:25:49,47.25,100.00,0
02:25:51,46.75,100.00,0
02:25:53,46.50,100.00,0
02:25:55,47.00,100.00,0
02:25:57,46.25,100.00,0
02:25:59,46.50,100.00,0
02:26:01,46.25,100.00,0
02:26:03,45.50,100.00,0
02:26:05,45.50,100.00,0
02:26:07,45.50,100.00,0
02:26:09,45.00,100.00,0
02:26:11,45.25,100.00,0
02:26:13,44.25,100.00,0
02:26:15,43.75,100.00,0
02:26:17,44.50,100.00,0
02:26:19,44.25,100.00,0
02:26:21,43.75,100.00,0
02:26:23,43.75,100.00,0
02:26:25,43.75,100.00,0
02:26:27,43.50,100.00,0
02:26:29,42.75,100.00,0
02:26:31,42.50,100.00,0
02:26:33,42.75,100.00,0
02:26:35,42.50,100.00,0
02:26:37,42.25,100.00,0
02:26:39,42.00,100.00,0
02:26:41,42.00,100.00,0
02:26:43,42.00,100.00,0
02:26:45,41.75,100.00,0
03:25:48,27.00,0.00,0
03:25:50,27.00,0.00,0
03:25:52,27.00,0.00,0
03:25:54,26.75,0.00,0
03:25:56,27.00,0.00,0
03:25:58,25.50,0.00,0
03:26:00,26.75,0.00,0
03:26:02,26.75,0.00,0
03:26:04,26.75,0.00,0
03:26:06,26.75,0.00,0
03:26:08,26.75,100.00,1
03:26:10,26.50,100.00,1
03:26:12,26.25,100.00,1
03:26:14,26.75,100.00,0
03:26:17,26.75,100.00,0
03:26:18,26.25,100.00,0
03:26:21,26.50,100.00,0
03:26:22,26.75,100.00,0
03:26:24,26.50,100.00,0
